BatteryLevel,State,DistanceL,DistanceR,SpeedL,SpeedR
0,0,0,0,0,0
3.01,0,-38.29,-51.54,-104.53,-136.34
3,5,13.25,-128.12,70.86,-79.63
3.01,5,88.36,-203.22,71.3,-73.58
3,5,144.32,-263.6,57.4,-58.64
3,5,197.33,-323.98,56.23,-60.01
3,5,157.57,-409.39,-55.77,-93.84
3,5,97.19,-505.11,-58.4,-96.24
3,5,72.16,-457.99,-3.82,72.03
3,5,72.16,-381.41,-0.03,74.09
3,5,135.48,-449.15,75.76,-90.03
3.01,5,213.53,-546.34,80.6,-99.21
2.85,9,279.8,-503.64,37.15,36.06
3.01,9,229.73,-569.9,-96.68,-122.13
3,9,217.95,-599.36,-105,-133.05
3,9,192.91,-642.06,-5.12,-10.38
3,6,215,-593.47,55.91,120.63
3,6,328.39,-421.17,133.91,155.1
3,6,456.51,-288.63,106.29,122.31
3,6,552.23,-238.56,87.51,53.61
2.87,6,628.81,-148.73,59.12,109.84
3.06,7,633.23,-107.5,0.61,5.6
3.06,7,633.23,-107.5,0,0.04
3.06,7,633.23,-107.5,0,0
3.06,7,633.23,-107.5,0,0
3.06,7,633.23,-107.5,0,0
3.06,7,633.23,-107.5,0,0
3.06,7,633.23,-107.5,0,0
3.06,7,633.23,-107.5,0,0
3.06,7,633.23,-107.5,0,0
3.06,7,633.23,-107.5,0,0
3.06,7,633.23,-107.5,0,0
3.06,7,633.23,-107.5,0,0
3.06,7,633.23,-107.5,0,0
3.06,7,633.23,-107.5,0,0
3.06,7,633.23,-107.5,0,0
3.06,7,633.23,-107.5,0,0
3.07,7,633.23,-107.5,0,0
3.06,7,633.23,-107.5,0,0
3.06,7,633.23,-107.5,0,0
3.06,7,633.23,-107.5,0,0
3.06,7,633.23,-107.5,0,0
3.06,7,633.23,-107.5,0,0
3.06,7,633.23,-107.5,0,0
3.06,7,633.23,-107.5,0,0
3.06,7,633.23,-107.5,0,0
3.06,7,633.23,-107.5,0,0
3.06,7,633.23,-107.5,0,0
3.06,7,633.23,-107.5,0,0
3.07,7,633.23,-107.5,0,0
3.07,7,633.23,-107.5,0,0
3.06,7,633.23,-107.5,0,0
3.07,7,633.23,-107.5,0,0
3.07,7,633.23,-107.5,0,0
3.07,7,633.23,-107.5,0,0
3.06,7,633.23,-107.5,0,0
3.06,7,633.23,-107.5,0,0
3.06,7,633.23,-107.5,0,0
3.06,7,633.23,-107.5,0,0
3.07,7,633.23,-107.5,0,0
3.06,7,633.23,-107.5,0,0
3.07,7,633.23,-107.5,0,0
3.07,7,633.23,-107.5,0,0
3.04,7,633.23,-107.5,0,0
3.02,7,633.23,-107.5,0,0
3.02,7,633.23,-107.5,0,0
3.01,7,633.23,-107.5,0,0
3.02,7,633.23,-107.5,0,0
3.02,7,633.23,-107.5,0,0
2.88,8,516.89,-232.67,-181.17,-191.99
2.88,8,316.61,-452.09,-200.19,-223.19
3.01,8,332.81,-591.99,88.07,-113.74
3.01,8,440.31,-706.86,105.68,-115.23
3.01,8,547.82,-821.72,106.49,-114.56
3,8,562.54,-871.79,-93.77,-124.36
2.85,8,534.56,-917.44,-83.22,-94.05
3,5,472.71,-948.37,-23.05,50.14
3.01,5,505.11,-873.26,54.31,88.69
3.01,5,565.49,-784.91,60.2,88.5
3.01,5,619.97,-703.91,49.74,73.92
3,5,656.79,-656.79,17.18,17.55
3,5,652.37,-656.79,-2.16,0.13
3,5,652.37,-656.79,-0.02,0
3.01,5,656.79,-656.79,2.87,0
3,5,656.79,-656.79,0.02,0
3.01,5,649.43,-656.79,-5.47,0
3.01,5,649.43,-656.79,-0.04,-0.01
3,5,649.43,-656.79,-0,-0
3,5,649.43,-656.79,-0,-0
3,5,650.9,-656.79,0.89,-0
3,5,650.9,-656.79,0.01,-0
2.84,5,634.7,-653.84,-29.42,3.74
2.85,5,603.77,-630.28,-71.44,33.04
3,5,534.56,-721.58,-112.8,-146.73
3,5,491.86,-789.33,-44.44,-62.31
3,5,505.11,-783.43,53.14,52.01
3,5,564.01,-718.64,59.44,64.68
3,5,577.27,-636.17,-18.06,89.88
3,5,568.43,-546.34,-1.19,90.98
3,5,572.85,-530.14,2.63,-38.72
3,5,572.85,-566.96,0.02,-34.2
3,5,572.85,-611.14,0,-40.71
3,5,572.85,-650.9,0,-36.41
3,5,587.58,-637.65,36.58,54.56
3,5,615.56,-597.88,7.61,10.28
3,5,614.08,-630.28,-0.69,-55.19
2.99,5,614.08,-690.66,-0.01,-63.83
3,5,622.92,-758.4,10.93,-66.73
3,5,622.92,-826.14,0.09,-65.26
2.9,5,678.88,-683.3,-18.33,206.73
2.9,5,612.61,-460.93,68.81,231.7
2.99,5,537.51,-569.9,-51.36,-86.45
2.99,5,534.56,-652.37,-0.56,-81.2
2.99,5,566.96,-646.48,61.74,68.24
3,5,628.81,-572.85,62.57,72.35
3,5,642.06,-561.07,1.81,1.61
2.99,5,642.06,-561.07,0.01,0.01
3,5,609.67,-590.52,-56.24,-52.21
3,5,556.65,-645.01,-59.82,-57.8
3,5,575.8,-727.48,79.33,-97.86
2.99,5,668.57,-824.67,94.76,-98.59
3,5,756.93,-911.55,88.62,-78.77
2.99,9,812.89,-960.15,20.43,-18.31
3,9,787.85,-1002.86,-109.34,-143.6
2.99,5,833.5,-976.35,77.17,59.78
2.99,5,921.86,-905.66,87.57,72.49
3,5,886.52,-966.04,-51.72,-72.86
2.99,5,839.39,-1035.25,-47.72,-69.07
3,5,795.22,-979.29,-26,58.27
3,9,795.22,-938.06,-0.19,46.18
2.99,9,774.6,-971.93,-94.91,-134.07
2.84,9,761.35,-1004.33,-77.54,-96.87
3,5,771.65,-1007.27,78.85,88.98
3,5,854.12,-1013.16,82.05,-72.53
3,5,935.11,-1111.83,84.55,-101.42
3,5,967.51,-1136.86,4.88,26.22
3,5,967.51,-1122.14,0.04,2.5
3,5,1004.33,-1080.9,72.11,83.48
2.99,5,1095.63,-977.82,89.9,102.57
2.99,5,1119.19,-971.93,-21.11,-72.87
2.99,5,1105.94,-1039.67,-6.85,-69.27
2.99,5,1151.59,-1032.31,80.99,62.87
2.99,5,1234.06,-957.2,86.55,77.85
2.99,5,1312.11,-868.85,76.67,94.86
3,5,1357.76,-811.41,14.54,17.25
3,5,1353.34,-811.41,-2.59,0.13
2.99,5,1353.34,-811.41,-0.02,0
2.86,5,1285.6,-899.77,-138.87,-174.77
2.89,5,1104.47,-715.69,-196.04,215.11
2.99,5,1058.81,-751.04,-105.33,-132.92
2.99,5,1039.67,-705.39,-6.4,67.19
2.99,5,1039.67,-649.43,-0.05,46.73
3,9,1039.67,-633.23,-0,3.06
2.99,6,1069.12,-562.54,70.36,163.19
2.99,6,1186.93,-400.55,126.88,138.9
2.99,6,1325.36,-265.07,135.59,128.21
2.99,6,1415.19,-207.64,104.8,41.55
2.98,6,1519.75,-123.7,118.3,84.61
3.05,7,1549.2,-104.56,4.11,2.56
3.05,7,1549.2,-104.56,0.03,0.02
3.05,7,1549.2,-104.56,0,0
3.04,7,1549.2,-104.56,0,0
3.05,7,1549.2,-104.56,0,0
3.05,7,1549.2,-104.56,0,0
3.05,7,1549.2,-104.56,0,0
3.05,7,1549.2,-104.56,0,0
3.05,7,1549.2,-104.56,0,0
3.05,7,1549.2,-104.56,0,0
3.05,7,1549.2,-104.56,0,0
3.05,7,1549.2,-104.56,0,0
3.05,7,1549.2,-104.56,0,0
3.05,7,1549.2,-104.56,0,0
3.05,7,1549.2,-104.56,0,0
3.05,7,1549.2,-104.56,0,0
3.05,7,1549.2,-104.56,0,0
3.05,7,1549.2,-104.56,0,0
3.05,7,1549.2,-104.56,0,0
3.05,7,1549.2,-104.56,0,0
3.05,7,1549.2,-104.56,0,0
3.05,7,1549.2,-104.56,0,0
3.05,7,1549.2,-104.56,0,0
3.05,7,1549.2,-104.56,0,0
3.05,7,1549.2,-104.56,0,0
3.05,7,1549.2,-104.56,0,0
3.05,7,1549.2,-104.56,0,0
3.05,7,1549.2,-104.56,0,0
3.05,7,1549.2,-104.56,0,0
3.06,7,1549.2,-104.56,0,0
3.06,7,1549.2,-104.56,0,0
3.06,7,1549.2,-104.56,0,0
3.05,7,1549.2,-104.56,0,0
3.06,7,1549.2,-104.56,0,0
3.06,7,1549.2,-104.56,0,0
3.06,7,1549.2,-104.56,0,0
3.06,7,1549.2,-104.56,0,0
3.06,7,1549.2,-104.56,0,0
3.06,7,1549.2,-104.56,0,0
3.05,7,1549.2,-104.56,0,0
3.06,7,1549.2,-104.56,0,0
3.06,7,1549.2,-104.56,0,0
3.06,7,1549.2,-104.56,0,0
3.06,7,1549.2,-104.56,0,0
3.05,7,1549.2,-104.56,0,0
3.06,7,1549.2,-104.56,0,0
3.06,7,1549.2,-104.56,0,0
3.05,7,1549.2,-104.56,0,0
3.06,7,1549.2,-104.56,0,0
3.05,7,1549.2,-104.56,0,0
3.05,7,1549.2,-104.56,0,0
3.06,7,1549.2,-104.56,0,0
3.05,7,1549.2,-104.56,0,0
3.06,7,1549.2,-104.56,0,0
3.06,7,1549.2,-104.56,0,0
3.06,7,1549.2,-104.56,0,0
3.06,7,1549.2,-104.56,0,0
3.06,7,1549.2,-104.56,0,0
3.06,7,1549.2,-104.56,0,0
3.06,7,1549.2,-104.56,0,0
3.06,7,1549.2,-104.56,0,0
3.01,7,1549.2,-104.56,0,0
3.01,7,1549.2,-104.56,0,0
3.01,7,1549.2,-104.56,0,0
3.01,7,1549.2,-104.56,0,0
3,7,1549.2,-104.56,0,0
2.85,8,1453.48,-223.84,-165.47,-194.56
2.85,8,1257.62,-435.9,-192.75,-215.13
3,8,1245.84,-583.16,81.61,-116.01
3,8,1350.39,-695.08,106.08,-112.36
3,8,1453.48,-807,97.63,-110.94
2.85,8,1493.24,-852.65,-72.39,-94.01
2.85,8,1469.68,-889.46,-49.67,-47.62
3,5,1398.99,-951.31,-34.54,21.26
2.99,5,1398.99,-936.59,-0.24,2.09
3,5,1415.19,-966.04,30.03,-58.87
3,5,1452,-1035.25,40.46,-69.88
3,9,1457.9,-1044.09,-31.41,54.48
2.86,9,1484.4,-1019.05,-30.1,-29.94
2.96,6,1450.53,-1083.85,39.17,10.18
2.99,6,1615.47,-970.46,151.62,121.99
2.99,6,1749.47,-833.5,132.58,136.63
3,6,1870.23,-705.39,103.13,113.4
3.06,7,1877.59,-693.6,1.43,1.95
3.06,7,1877.59,-693.6,0.01,0.01
3.06,7,1877.59,-693.6,0,0
3.06,7,1877.59,-693.6,0,0
3.06,7,1877.59,-693.6,0,0
3.06,7,1877.59,-693.6,0,0
3.06,7,1877.59,-693.6,0,0
3.06,7,1877.59,-693.6,0,0
3.06,7,1877.59,-693.6,0,0
3.06,7,1877.59,-693.6,0,0
3.06,7,1877.59,-693.6,0,0
3.06,7,1877.59,-693.6,0,0
3.06,7,1877.59,-693.6,0,0
3.06,7,1877.59,-693.6,0,0
3.06,7,1877.59,-693.6,0,0
3.07,7,1877.59,-693.6,0,0
3.07,7,1877.59,-693.6,0,0
3.07,7,1877.59,-693.6,0,0
3.07,7,1877.59,-693.6,0,0
3.06,7,1877.59,-693.6,0,0
3.07,7,1877.59,-693.6,0,0
3.06,7,1877.59,-693.6,0,0
3.07,7,1877.59,-693.6,0,0
3.07,7,1877.59,-693.6,0,0
3.06,7,1877.59,-693.6,0,0
3.06,7,1877.59,-693.6,0,0
3.07,7,1877.59,-693.6,0,0
3.06,7,1877.59,-693.6,0,0
3.07,7,1877.59,-693.6,0,0
3.07,7,1877.59,-693.6,0,0
3.06,7,1877.59,-693.6,0,0
3.06,7,1877.59,-693.6,0,0
3.06,7,1877.59,-693.6,0,0
3.07,7,1877.59,-693.6,0,0
3.07,7,1877.59,-693.6,0,0
3.06,7,1877.59,-693.6,0,0
3.06,7,1877.59,-693.6,0,0
3.06,7,1877.59,-693.6,0,0
3.07,7,1877.59,-693.6,0,0
3.06,7,1877.59,-693.6,0,0
3.06,7,1877.59,-693.6,0,0
3.07,7,1877.59,-693.6,0,0
3.07,7,1877.59,-693.6,0,0
3.07,7,1877.59,-693.6,0,0
3.06,7,1877.59,-693.6,0,0
3.06,7,1877.59,-693.6,0,0
3.06,7,1877.59,-693.6,0,0
3.07,7,1877.59,-693.6,0,0
3.06,7,1877.59,-693.6,0,0
3.06,7,1877.59,-693.6,0,0
3.06,7,1877.59,-693.6,0,0
3.07,7,1877.59,-693.6,0,0
3.07,7,1877.59,-693.6,0,0
3.06,7,1877.59,-693.6,0,0
3.07,7,1877.59,-693.6,0,0
3.06,7,1877.59,-693.6,0,0
3.07,7,1877.59,-693.6,0,0
3.07,7,1877.59,-693.6,0,0
3.07,7,1877.59,-693.6,0,0
3.07,7,1877.59,-693.6,0,0
3.07,7,1877.59,-693.6,0,0
3.01,7,1877.59,-693.6,0,0
3.01,7,1877.59,-693.6,0,0
3.01,7,1877.59,-693.6,0,0
3.01,7,1877.59,-693.6,0,0
3.01,7,1877.59,-693.6,0,0
2.86,8,1821.63,-764.29,-112.69,-135.98
2.85,8,1628.72,-974.88,-187.94,-208.63
3.01,8,1555.09,-1145.7,43.46,-126.59
3,8,1656.7,-1256.15,103.23,-113.51
3,8,1759.78,-1368.07,99.28,-108.17
2.84,8,1843.72,-1400.46,55.21,18.42
2.85,8,1823.11,-1435.81,124.49,123.86
3,5,1728.86,-1555.09,-49.11,-77.76
3,5,1720.02,-1622.83,-1.35,-67.36
3,5,1720.02,-1687.62,-0.01,-58.83
3,9,1740.64,-1739.17,10.73,-19.77
2.99,6,1752.42,-1725.91,27.69,31.6
2.99,6,1886.43,-1594.85,132.83,129.8
2.99,6,2023.38,-1462.31,135.93,140.49
2.99,6,2147.08,-1354.81,110.44,77.13
3.06,7,2180.95,-1322.41,6.02,5.42
3.06,7,2180.95,-1322.41,0.05,0.04
3.06,7,2180.95,-1322.41,0,0
3.06,7,2180.95,-1322.41,0,0
3.06,7,2180.95,-1322.41,0,0
3.06,7,2180.95,-1322.41,0,0
3.06,7,2180.95,-1322.41,0,0
3.06,7,2180.95,-1322.41,0,0
3.06,7,2180.95,-1322.41,0,0
3.06,7,2180.95,-1322.41,0,0
3.06,7,2180.95,-1322.41,0,0
3.06,7,2180.95,-1322.41,0,0
3.06,7,2180.95,-1322.41,0,0
3.06,7,2180.95,-1322.41,0,0
3.06,7,2180.95,-1322.41,0,0
3.06,7,2180.95,-1322.41,0,0
3.06,7,2180.95,-1322.41,0,0
3.06,7,2180.95,-1322.41,0,0
3.06,7,2180.95,-1322.41,0,0
3.06,7,2180.95,-1322.41,0,0
3.06,7,2180.95,-1322.41,0,0
3.06,7,2180.95,-1322.41,0,0
3.06,7,2180.95,-1322.41,0,0
3.06,7,2180.95,-1322.41,0,0
3.06,7,2180.95,-1322.41,0,0
3.06,7,2180.95,-1322.41,0,0
3.06,7,2180.95,-1322.41,0,0
3.06,7,2180.95,-1322.41,0,0
3.06,7,2180.95,-1322.41,0,0
3.06,7,2180.95,-1322.41,0,0
3.06,7,2180.95,-1322.41,0,0
3.06,7,2180.95,-1322.41,0,0
3.06,7,2180.95,-1322.41,0,0
3.06,7,2180.95,-1322.41,0,0
3.06,7,2180.95,-1322.41,0,0
3.06,7,2180.95,-1322.41,0,0
3.06,7,2180.95,-1322.41,0,0
3.06,7,2180.95,-1322.41,0,0
3.06,7,2180.95,-1322.41,0,0
3.06,7,2180.95,-1322.41,0,0
3.06,7,2180.95,-1322.41,0,0
3.06,7,2180.95,-1322.41,0,0
3.06,7,2180.95,-1322.41,0,0
3.06,7,2180.95,-1322.41,0,0
3.06,7,2180.95,-1322.41,0,0
3.06,7,2180.95,-1322.41,0,0
3.06,7,2180.95,-1322.41,0,0
3.06,7,2180.95,-1322.41,0,0
3.06,7,2180.95,-1322.41,0,0
3.06,7,2180.95,-1322.41,0,0
3.06,7,2180.95,-1322.41,0,0
3.07,7,2180.95,-1322.41,0,0
3.07,7,2180.95,-1322.41,0,0
3.06,7,2180.95,-1322.41,0,0
3.06,7,2180.95,-1322.41,0,0
3.06,7,2180.95,-1322.41,0,0
3.06,7,2180.95,-1322.41,0,0
3.07,7,2180.95,-1322.41,0,0
3.07,7,2180.95,-1322.41,0,0
3.07,7,2180.95,-1322.41,0,0
3.06,7,2180.95,-1322.41,0,0
3.02,7,2180.95,-1322.41,0,0
3.02,7,2180.95,-1322.41,0,0
3.01,7,2180.95,-1322.41,0,0
3.01,7,2180.95,-1322.41,0,0
3.01,7,2180.95,-1322.41,0,0
2.87,8,2178.01,-1325.36,-2.35,-2.21
2.86,8,2020.44,-1515.33,-180.29,-210.73
2.98,8,1845.19,-1721.49,-167.53,-207.12
3,8,1937.97,-1830.47,94.96,-110.39
3,8,2041.05,-1942.39,105.09,-112.4
2.86,8,2142.66,-2045.47,101.48,-104.58
3,8,2101.43,-2104.38,-92.26,-123.99
3,8,2076.4,-2141.19,-102.79,-133.85
3,5,2102.9,-2085.23,7.31,84.4
3,5,2102.9,-1998.35,0.01,89.35
3,5,2117.63,-1954.17,34.45,-16.76
3,5,2183.9,-2046.94,70.64,-95.67
3,5,2248.69,-2138.25,58.14,-82.98
3,9,2260.47,-2192.73,20.42,-43.43
3.01,6,2260.47,-2192.73,0.17,-0.36
2.99,6,2391.54,-2083.76,139.92,119.19
3,6,2532.91,-1952.7,141.93,133.18
2.99,6,2669.86,-1814.27,134.78,138.78
3.04,7,2728.77,-1756.84,22.08,25.43
3.06,7,2728.77,-1756.84,0.16,0.19
3.06,7,2728.77,-1756.84,0,0
3.06,7,2728.77,-1756.84,0,0
3.06,7,2728.77,-1756.84,0,0
3.06,7,2728.77,-1756.84,0,0
3.06,7,2728.77,-1756.84,0,0
3.06,7,2728.77,-1756.84,0,0
3.06,7,2728.77,-1756.84,0,0
3.06,7,2728.77,-1756.84,0,0
3.06,7,2728.77,-1756.84,0,0
3.06,7,2728.77,-1756.84,0,0
3.06,7,2728.77,-1756.84,0,0
3.06,7,2728.77,-1756.84,0,0
3.05,7,2728.77,-1756.84,0,0
3.06,7,2728.77,-1756.84,0,0
3.06,7,2728.77,-1756.84,0,0
3.06,7,2728.77,-1756.84,0,0
3.06,7,2728.77,-1756.84,0,0
3.06,7,2728.77,-1756.84,0,0
3.06,7,2728.77,-1756.84,0,0
3.06,7,2728.77,-1756.84,0,0
3.06,7,2728.77,-1756.84,0,0
3.06,7,2728.77,-1756.84,0,0
3.06,7,2728.77,-1756.84,0,0
3.06,7,2728.77,-1756.84,0,0
3.06,7,2728.77,-1756.84,0,0
3.06,7,2728.77,-1756.84,0,0
3.06,7,2728.77,-1756.84,0,0
3.06,7,2728.77,-1756.84,0,0
3.06,7,2728.77,-1756.84,0,0
3.06,7,2728.77,-1756.84,0,0
3.06,7,2728.77,-1756.84,0,0
3.06,7,2728.77,-1756.84,0,0
3.06,7,2728.77,-1756.84,0,0
3.06,7,2728.77,-1756.84,0,0
3.06,7,2728.77,-1756.84,0,0
3.06,7,2728.77,-1756.84,0,0
3.06,7,2728.77,-1756.84,0,0
3.06,7,2728.77,-1756.84,0,0
3.06,7,2728.77,-1756.84,0,0
3.06,7,2728.77,-1756.84,0,0
3.06,7,2728.77,-1756.84,0,0
3.06,7,2728.77,-1756.84,0,0
3.06,7,2728.77,-1756.84,0,0
3.06,7,2728.77,-1756.84,0,0
3.06,7,2728.77,-1756.84,0,0
3.07,7,2728.77,-1756.84,0,0
3.06,7,2728.77,-1756.84,0,0
3.06,7,2728.77,-1756.84,0,0
3.06,7,2728.77,-1756.84,0,0
3.06,7,2728.77,-1756.84,0,0
3.06,7,2728.77,-1756.84,0,0
3.06,7,2728.77,-1756.84,0,0
3.06,7,2728.77,-1756.84,0,0
3.06,7,2728.77,-1756.84,0,0
3.06,7,2728.77,-1756.84,0,0
3.06,7,2728.77,-1756.84,0,0
3.06,7,2728.77,-1756.84,0,0
3.06,7,2728.77,-1756.84,0,0
3.06,7,2728.77,-1756.84,0,0
3.02,7,2728.77,-1756.84,0,0
3.01,7,2728.77,-1756.84,0,0
3.01,7,2728.77,-1756.84,0,0
3.01,7,2728.77,-1756.84,0,0
3.01,7,2728.77,-1756.84,0,0
3,7,2728.77,-1756.84,0,0
2.85,8,2618.32,-1884.96,-167.09,-185.67
2.86,8,2435.72,-2097.01,-180.93,-211.71
3,8,2454.86,-2231.02,88.04,-114.27
3,8,2557.94,-2344.41,106.45,-112.61
3,8,2662.5,-2456.33,103.68,-110.16
2.98,8,2665.45,-2518.18,-97.86,-130.8
2.84,8,2649.25,-2556.47,-64.02,-86.52
2.99,5,2622.74,-2638.94,9.89,-49.4
3,5,2622.74,-2684.59,0.08,-44.43
2.99,5,2615.38,-2680.17,-3,10.75
3,5,2615.38,-2680.17,-0.02,0.08
3,5,2655.14,-2644.83,64.54,71.37
2.99,5,2727.3,-2556.47,72.04,91.44
2.99,5,2781.78,-2466.64,42.05,89.09
3,5,2830.38,-2373.87,50.63,93.96
2.99,5,2877.5,-2285.51,52.03,87.85
3,5,2933.46,-2198.62,51.3,68.47
3,5,2930.52,-2198.62,-0.63,0.48
2.99,5,2930.52,-2198.62,-0,0
2.99,5,2934.93,-2198.62,1.56,0
2.99,5,2934.93,-2198.62,0.03,0
2.99,5,2955.55,-2235.44,21.52,-51.02
2.84,5,2959.97,-2251.64,3.39,0.56
2.83,5,2883.39,-2175.06,-54.41,20.59
2.99,5,2815.65,-2266.36,-105.77,-145.82
2.98,5,2797.98,-2312.02,-2.8,-66.17
2.99,5,2797.98,-2382.7,-0.02,-72.87
2.99,5,2781.78,-2360.61,-14.68,64.51
2.99,5,2781.78,-2294.34,-0.12,66.36
2.99,5,2781.78,-2223.66,-0,79.13
2.99,5,2781.78,-2135.3,-0,86.59
2.99,5,2781.78,-2055.78,-0,79.69
2.99,9,2781.78,-2020.44,-0,7.49
2.99,6,2818.6,-1970.37,87.1,116.19
2.98,6,2946.72,-1831.94,135.89,139.54
2.99,6,3080.72,-1693.51,130.42,137.13
2.98,6,3220.62,-1563.92,150.25,121.43
2.98,6,3372.3,-1438.75,140.63,134.34
2.96,6,3503.37,-1335.67,127.49,66.8
2.88,6,3603.5,-1272.35,96.27,60.48
3.11,7,3621.18,-1272.35,2.27,0.51
3.11,7,3621.18,-1272.35,0.02,0
3.11,7,3621.18,-1272.35,0,0
3.11,7,3621.18,-1272.35,0,0
3.11,7,3621.18,-1272.35,0,0
3.11,7,3621.18,-1272.35,0,0
3.12,7,3621.18,-1272.35,0,0
3.12,7,3621.18,-1272.35,0,0
3.12,7,3621.18,-1272.35,0,0
3.12,7,3621.18,-1272.35,0,0
3.12,7,3621.18,-1272.35,0,0
3.11,7,3621.18,-1272.35,0,0
3.12,7,3621.18,-1272.35,0,0
3.11,7,3621.18,-1272.35,0,0
3.11,7,3621.18,-1272.35,0,0
3.11,7,3621.18,-1272.35,0,0
3.12,7,3621.18,-1272.35,0,0
3.12,7,3621.18,-1272.35,0,0
3.12,7,3621.18,-1272.35,0,0
3.12,7,3621.18,-1272.35,0,0
3.12,7,3621.18,-1272.35,0,0
3.12,7,3621.18,-1272.35,0,0
3.12,7,3621.18,-1272.35,0,0
3.12,7,3621.18,-1272.35,0,0
3.12,7,3621.18,-1272.35,0,0
3.12,7,3621.18,-1272.35,0,0
3.12,7,3621.18,-1272.35,0,0
3.12,7,3621.18,-1272.35,0,0
3.12,7,3621.18,-1272.35,0,0
3.12,7,3621.18,-1272.35,0,0
3.12,7,3621.18,-1272.35,0,0
3.12,7,3621.18,-1272.35,0,0
3.12,7,3621.18,-1272.35,0,0
3.12,7,3621.18,-1272.35,0,0
3.11,7,3621.18,-1272.35,0,0
3.01,7,3621.18,-1272.35,0,0
3.13,7,3621.18,-1272.35,0,0
3.12,7,3621.18,-1272.35,0,0
3.12,7,3621.18,-1272.35,0,0
3.12,7,3621.18,-1272.35,0,0
3.13,7,3621.18,-1272.35,0,0
3.13,7,3621.18,-1272.35,0,0
3.12,7,3621.18,-1272.35,0,0
3.12,7,3621.18,-1272.35,0,0
3.1,7,3621.18,-1272.35,0,0
3.12,7,3621.18,-1272.35,0,0
3.12,7,3621.18,-1272.35,0,0
3.13,7,3621.18,-1272.35,0,0
3.13,7,3621.18,-1272.35,0,0
3.12,7,3621.18,-1272.35,0,0
3.02,7,3621.18,-1272.35,0,0
3.01,7,3621.18,-1272.35,0,0
3.01,7,3621.18,-1272.35,0,0
3,7,3621.18,-1272.35,0,0
3.01,8,3621.18,-1272.35,0,0
2.85,8,3481.28,-1447.59,-164.51,-200.57
2.85,8,3286.89,-1652.28,-196.07,-206.59
3.01,8,3356.1,-1770.09,89.93,-108.97
3,8,3457.72,-1883.48,101.85,-112.15
3,8,3553.44,-1989.51,96.26,-107.19
3,8,3535.76,-2044,-90.67,-133.14
3,8,3518.09,-2073.45,-92.94,-131.7
3,5,3534.29,-2052.83,38.51,64.96
3,5,3579.94,-1982.15,46.93,73.43
3,5,3647.68,-1887.9,73.54,98.59
2.99,5,3712.48,-1799.54,54.46,66.24
3,5,3711.01,-1834.89,0.24,-40.05
3,5,3711.01,-1846.67,0,-1.36
3,5,3711.01,-1905.57,0,-75.69
2.99,5,3711.01,-1983.62,0,-79.18
2.99,5,3772.86,-1932.08,76.59,73.74
2.99,5,3814.09,-1887.9,11.05,12.77
2.99,5,3814.09,-1887.9,0.08,0.12
2.99,5,3814.09,-1887.9,0,0
2.99,5,3786.11,-1954.17,-36.76,-78.55
2.99,5,3780.22,-2027.8,-0.82,-72.29
2.99,5,3830.29,-1992.46,61.3,55.94
2.85,5,3937.79,-1839.3,102.47,209.35
2.85,5,3853.85,-1827.52,-46.02,-53.73
2.99,5,3792,-1909.99,-71.95,-105.57
2.99,5,3778.75,-1867.28,-2.26,60.65
2.99,5,3778.75,-1803.96,-0.02,67.19
2.99,5,3778.75,-1740.64,-0,62.35
2.99,5,3778.75,-1714.13,-0,5.58
2.98,5,3778.75,-1714.13,-0,0.04
2.98,5,3778.75,-1714.13,-0,0
2.98,5,3778.75,-1714.13,-0,0
2.98,5,3778.75,-1714.13,-0,0
2.99,5,3806.73,-1759.78,33.34,-54.33
2.99,5,3837.65,-1818.69,39.44,-61.02
2.99,5,3881.83,-1778.93,16.74,21.01
2.98,5,3881.83,-1778.93,0.13,0.16
2.98,5,3858.27,-1843.72,-21.05,-77.52
2.99,5,3830.29,-1921.77,-20.7,-75.48
2.99,5,3880.36,-1879.07,55.06,60.18
2.87,5,3892.14,-1879.07,120.88,123.57
2.87,5,3855.32,-1908.52,23.09,17.37
2.99,5,3775.8,-1977.73,-43.09,22.88
2.98,5,3824.4,-2018.96,59.04,-59.37
2.98,9,3845.01,-2044,3.35,-4.01
2.97,6,3899.5,-1989.51,119.54,116.45
2.98,6,4034.98,-1859.92,140.75,131.05
2.98,6,4173.41,-1731.8,140.94,129.23
2.97,6,4310.36,-1603.68,140.91,111.01
2.97,6,4422.28,-1544.78,107.21,72.4
3.1,7,4473.82,-1491.77,13.67,14.78
3.11,7,4473.82,-1491.77,0.11,0.12
3.11,7,4473.82,-1491.77,0,0
3.1,7,4473.82,-1491.77,0,0
3.11,7,4473.82,-1491.77,0,0
3.11,7,4473.82,-1491.77,0,0
3.11,7,4473.82,-1491.77,0,0
3.11,7,4473.82,-1491.77,0,0
3.11,7,4473.82,-1491.77,0,0
3.11,7,4473.82,-1491.77,0,0
3.11,7,4473.82,-1491.77,0,0
3.11,7,4473.82,-1491.77,0,0
3.12,7,4473.82,-1491.77,0,0
3.12,7,4473.82,-1491.77,0,0
3.12,7,4473.82,-1491.77,0,0
3.12,7,4473.82,-1491.77,0,0
3.12,7,4473.82,-1491.77,0,0
3.12,7,4473.82,-1491.77,0,0
3.12,7,4473.82,-1491.77,0,0
3.12,7,4473.82,-1491.77,0,0
3.11,7,4473.82,-1491.77,0,0
3.11,7,4473.82,-1491.77,0,0
3.12,7,4473.82,-1491.77,0,0
3.12,7,4473.82,-1491.77,0,0
3.12,7,4473.82,-1491.77,0,0
3.12,7,4473.82,-1491.77,0,0
3.12,7,4473.82,-1491.77,0,0
3.12,7,4473.82,-1491.77,0,0
3.12,7,4473.82,-1491.77,0,0
3.12,7,4473.82,-1491.77,0,0
3.12,7,4473.82,-1491.77,0,0
3.13,7,4473.82,-1491.77,0,0
3.12,7,4473.82,-1491.77,0,0
3.12,7,4473.82,-1491.77,0,0
3.12,7,4473.82,-1491.77,0,0
3.12,7,4473.82,-1491.77,0,0
3.12,7,4473.82,-1491.77,0,0
3.12,7,4473.82,-1491.77,0,0
3.12,7,4473.82,-1491.77,0,0
3.12,7,4473.82,-1491.77,0,0
3.12,7,4473.82,-1491.77,0,0
3.12,7,4473.82,-1491.77,0,0
3.12,7,4473.82,-1491.77,0,0
3.13,7,4473.82,-1491.77,0,0
3.12,7,4473.82,-1491.77,0,0
3.12,7,4473.82,-1491.77,0,0
3.12,7,4473.82,-1491.77,0,0
3.12,7,4473.82,-1491.77,0,0
3.12,7,4473.82,-1491.77,0,0
3.12,7,4473.82,-1491.77,0,0
3.12,7,4473.82,-1491.77,0,0
3.12,7,4473.82,-1491.77,0,0
3.12,7,4473.82,-1491.77,0,0
3.12,7,4473.82,-1491.77,0,0
3.13,7,4473.82,-1491.77,0,0
3.13,7,4473.82,-1491.77,0,0
3.13,7,4473.82,-1491.77,0,0
3.13,7,4473.82,-1491.77,0,0
3.13,7,4473.82,-1491.77,0,0
3.13,7,4473.82,-1491.77,0,0
3.13,7,4473.82,-1491.77,0,0
3.01,7,4473.82,-1491.77,0,0
3.01,7,4473.82,-1491.77,0,0
3.01,7,4473.82,-1491.77,0,0
3.01,7,4473.82,-1491.77,0,0
2.86,8,4434.06,-1543.31,-85.48,-115.01
2.85,8,4247.04,-1755.36,-187.64,-217.13
3,8,4120.4,-1851.09,-73.69,32.83
3,8,4042.35,-1750.95,-82.5,104.73
2.99,8,4018.78,-1717.08,-3.19,4.94
2.83,8,4017.31,-1721.49,0.13,-1.49
2.87,8,3976.08,-1793.65,87.62,74.44
2.99,5,3911.28,-1905.57,-37.13,-100.75
2.99,5,3967.24,-1998.35,54.02,-89.57
3,9,3974.61,-2011.6,1.03,-1.79
3,6,4036.46,-1904.1,92.11,157.23
2.99,6,4163.1,-1767.15,135.4,129.74
2.97,6,4291.22,-1641.97,121.23,108.42
2.97,6,4401.67,-1587.49,112.6,47.78
3.12,7,4482.66,-1500.6,42.27,53.09
3.11,7,4482.66,-1500.6,0.32,0.4
3.11,7,4482.66,-1500.6,0,0
3.11,7,4482.66,-1500.6,0,0
3.12,7,4482.66,-1500.6,0,0
3.12,7,4482.66,-1500.6,0,0
3.12,7,4482.66,-1500.6,0,0
3.12,7,4482.66,-1500.6,0,0
3.12,7,4482.66,-1500.6,0,0
3.12,7,4482.66,-1500.6,0,0
3.11,7,4482.66,-1500.6,0,0
3.12,7,4482.66,-1500.6,0,0
3.12,7,4482.66,-1500.6,0,0
3.12,7,4482.66,-1500.6,0,0
3.12,7,4482.66,-1500.6,0,0
3.13,7,4482.66,-1500.6,0,0
3.12,7,4482.66,-1500.6,0,0
3.12,7,4482.66,-1500.6,0,0
3.12,7,4482.66,-1500.6,0,0
3.12,7,4482.66,-1500.6,0,0
3.12,7,4482.66,-1500.6,0,0
3.12,7,4482.66,-1500.6,0,0
3.13,7,4482.66,-1500.6,0,0
3.13,7,4482.66,-1500.6,0,0
3.13,7,4482.66,-1500.6,0,0
3.12,7,4482.66,-1500.6,0,0
3.12,7,4482.66,-1500.6,0,0
3.12,7,4482.66,-1500.6,0,0
3.12,7,4482.66,-1500.6,0,0
3.12,7,4482.66,-1500.6,0,0
3.12,7,4482.66,-1500.6,0,0
3.12,7,4482.66,-1500.6,0,0
3.12,7,4482.66,-1500.6,0,0
3.12,7,4482.66,-1500.6,0,0
3.12,7,4482.66,-1500.6,0,0
3.12,7,4482.66,-1500.6,0,0
3.01,7,4482.66,-1500.6,0,0
3.13,7,4482.66,-1500.6,0,0
3.13,7,4482.66,-1500.6,0,0
3.12,7,4482.66,-1500.6,0,0
3.13,7,4482.66,-1500.6,0,0
3.13,7,4482.66,-1500.6,0,0
3.13,7,4482.66,-1500.6,0,0
3.12,7,4482.66,-1500.6,0,0
3.13,7,4482.66,-1500.6,0,0
3.01,7,4482.66,-1500.6,0,0
3.13,7,4482.66,-1500.6,0,0
3.12,7,4482.66,-1500.6,0,0
3.13,7,4482.66,-1500.6,0,0
3.13,7,4482.66,-1500.6,0,0
3.13,7,4482.66,-1500.6,0,0
3.13,7,4482.66,-1500.6,0,0
3.13,7,4482.66,-1500.6,0,0
3.13,7,4482.66,-1500.6,0,0
3.1,7,4482.66,-1500.6,0,0
3.12,7,4482.66,-1500.6,0,0
3.12,7,4482.66,-1500.6,0,0
3.13,7,4482.66,-1500.6,0,0
3.13,7,4482.66,-1500.6,0,0
3.13,7,4482.66,-1500.6,0,0
3.13,7,4482.66,-1500.6,0,0
3.01,7,4482.66,-1500.6,0,0
3.01,7,4482.66,-1500.6,0,0
3.01,7,4482.66,-1500.6,0,0
2.86,8,4444.37,-1552.14,-86.55,-114.5
2.85,8,4252.93,-1758.31,-190.76,-211.49
3,8,4130.7,-1851.09,-40.84,27.66
3,8,4130.7,-1773.04,-0.32,76.18
3,8,4130.7,-1697.93,-0,76.54
2.85,8,4176.35,-1594.85,120.25,149.8
2.87,8,4129.23,-1659.64,67.67,63.44
3,5,4065.91,-1750.95,-40.34,-68.43
3,5,4127.76,-1687.62,57.22,62
3,5,4124.81,-1724.44,-37.56,-88.41
3,9,4123.34,-1809.85,-0.45,-82.91
2.84,9,4135.12,-1801.02,-43.42,-53.32
2.88,9,4141.01,-1812.8,115.74,102.85
3,9,4090.94,-1874.65,-15.45,-14.27
2.99,6,4194.03,-1759.78,125.37,131.39
2.99,6,4320.67,-1624.3,128.08,136.46
2.91,6,4445.84,-1538.89,120.7,57.49
2.86,6,4526.84,-1459.37,45.71,85.07
3.12,7,4532.73,-1443.17,0.9,2.08
3.11,7,4532.73,-1443.17,0.01,0.02
3.11,7,4532.73,-1443.17,0,0
3.11,7,4532.73,-1443.17,0,0
3.11,7,4532.73,-1443.17,0,0
3.12,7,4532.73,-1443.17,0,0
3.12,7,4532.73,-1443.17,0,0
3.12,7,4532.73,-1443.17,0,0
3.12,7,4532.73,-1443.17,0,0
3.11,7,4532.73,-1443.17,0,0
3.1,7,4532.73,-1443.17,0,0
3.09,7,4532.73,-1443.17,0,0
3.1,7,4532.73,-1443.17,0,0
3,7,4532.73,-1443.17,0,0
3.13,7,4532.73,-1443.17,0,0
3.12,7,4532.73,-1443.17,0,0
3.12,7,4532.73,-1443.17,0,0
3.12,7,4532.73,-1443.17,0,0
3.13,7,4532.73,-1443.17,0,0
3.12,7,4532.73,-1443.17,0,0
3.13,7,4532.73,-1443.17,0,0
3.12,7,4532.73,-1443.17,0,0
3.12,7,4532.73,-1443.17,0,0
3.12,7,4532.73,-1443.17,0,0
3.13,7,4532.73,-1443.17,0,0
3.13,7,4532.73,-1443.17,0,0
3.12,7,4532.73,-1443.17,0,0
3.12,7,4532.73,-1443.17,0,0
3.12,7,4532.73,-1443.17,0,0
3.12,7,4532.73,-1443.17,0,0
3.12,7,4532.73,-1443.17,0,0
3.12,7,4532.73,-1443.17,0,0
3.13,7,4532.73,-1443.17,0,0
3.12,7,4532.73,-1443.17,0,0
3.13,7,4532.73,-1443.17,0,0
3.12,7,4532.73,-1443.17,0,0
3.12,7,4532.73,-1443.17,0,0
3.13,7,4532.73,-1443.17,0,0
3.13,7,4532.73,-1443.17,0,0
3.13,7,4532.73,-1443.17,0,0
3.12,7,4532.73,-1443.17,0,0
3.13,7,4532.73,-1443.17,0,0
3.13,7,4532.73,-1443.17,0,0
3.13,7,4532.73,-1443.17,0,0
3.13,7,4532.73,-1443.17,0,0
3.13,7,4532.73,-1443.17,0,0
3.12,7,4532.73,-1443.17,0,0
3.12,7,4532.73,-1443.17,0,0
3.12,7,4532.73,-1443.17,0,0
3.12,7,4532.73,-1443.17,0,0
3.12,7,4532.73,-1443.17,0,0
3.13,7,4532.73,-1443.17,0,0
3.12,7,4532.73,-1443.17,0,0
3.13,7,4532.73,-1443.17,0,0
3.13,7,4532.73,-1443.17,0,0
3.13,7,4532.73,-1443.17,0,0
3.13,7,4532.73,-1443.17,0,0
3.13,7,4532.73,-1443.17,0,0
3.13,7,4532.73,-1443.17,0,0
3.13,7,4532.73,-1443.17,0,0
3.13,7,4532.73,-1443.17,0,0
3.01,7,4532.73,-1443.17,0,0
3.01,7,4532.73,-1443.17,0,0
3.01,7,4532.73,-1443.17,0,0
2.86,8,4453.21,-1535.94,-144.73,-172.46
2.85,8,4269.13,-1755.36,-192.32,-220.63
3,8,4226.42,-1917.35,60.69,-119.12
3,8,4322.14,-2026.33,94.41,-108.23
3,8,4422.28,-2135.3,97.23,-109.02
2.84,8,4481.19,-2176.53,-30.23,-56.34
2.84,8,4466.46,-2204.51,46.4,47.24
3,5,4422.28,-2266.36,30,32.93
3,5,4490.02,-2200.1,56.96,41.25
2.99,5,4525.37,-2294.34,29.18,-91.12
2.99,5,4565.13,-2363.56,37.56,-29.21
3,9,4571.02,-2351.78,0.78,0.75
2.96,6,4671.16,-2285.51,145.03,98.14
2.99,6,4818.42,-2157.39,135.38,133.81
2.99,6,4952.43,-2023.38,137.6,136.04
2.98,6,5073.18,-1905.57,101.09,102.37
2.85,6,5074.65,-1871.7,1.11,24.12
3.11,7,5076.13,-1814.27,1.81,52.04
3.11,7,5076.13,-1814.27,0.01,0.39
3.11,7,5076.13,-1814.27,0,0
3.11,7,5076.13,-1814.27,0,0
3.12,7,5076.13,-1814.27,0,0
3.12,7,5076.13,-1814.27,0,0
3.12,7,5076.13,-1814.27,0,0
3.12,7,5076.13,-1814.27,0,0
3.12,7,5076.13,-1814.27,0,0
3,7,5076.13,-1814.27,0,0
3.12,7,5076.13,-1814.27,0,0
3.12,7,5076.13,-1814.27,0,0
3.12,7,5076.13,-1814.27,0,0
3.12,7,5076.13,-1814.27,0,0
3.12,7,5076.13,-1814.27,0,0
3.11,7,5076.13,-1814.27,0,0
3.11,7,5076.13,-1814.27,0,0
3,7,5076.13,-1814.27,0,0
3.01,7,5076.13,-1814.27,0,0
3.12,7,5076.13,-1814.27,0,0
3.12,7,5076.13,-1814.27,0,0
3.12,7,5076.13,-1814.27,0,0
3,7,5076.13,-1814.27,0,0
3.12,7,5076.13,-1814.27,0,0
3.12,7,5076.13,-1814.27,0,0
3.12,7,5076.13,-1814.27,0,0
3.12,7,5076.13,-1814.27,0,0
3,8,5076.13,-1814.27,0,0
2.85,8,4914.14,-2004.24,-189.55,-217.94
2.84,8,4718.28,-2217.77,-193.94,-215.9
3,8,4625.5,-2141.19,-80.43,94.43
3,8,4545.98,-2044,-77.74,98.3
3,8,4467.93,-1946.81,-70.75,96.23
2.99,8,4437.01,-1983.62,-94.28,-130.22
2.99,8,4410.5,-2020.44,-97.4,-129.85
2.99,5,4420.81,-2010.13,31.87,51.69
2.99,5,4432.59,-2070.51,1.82,-58.95
2.99,5,4432.59,-2126.47,0.01,-56.69
2.99,5,4425.23,-2085.23,-2.04,34.54
2.99,5,4426.7,-2044,0.66,46.92
2.99,5,4481.19,-2119.1,54.97,-72.21
2.99,5,4531.26,-2191.26,50.97,-70.68
2.98,5,4590.16,-2089.65,59.89,100.84
2.99,5,4656.43,-1989.51,65.05,101.77
2.98,5,4718.28,-1899.68,61.89,90.75
2.99,5,4775.71,-1818.69,59,79.93
2.99,5,4733.01,-1912.94,-41.99,-96.87
2.99,5,4693.24,-2010.13,-39.46,-98.58
2.98,5,4700.61,-2092.6,0.36,-80.7
2.99,5,4700.61,-2164.75,0,-72.36
2.99,9,4693.24,-2152.97,-0.44,0.31
2.95,6,4790.44,-2095.54,150.74,93.45
2.98,6,4937.7,-1963,137.11,139.57
2.98,6,5073.18,-1824.58,138.17,136.32
2.83,6,5182.16,-1721.49,57.85,98.62
2.89,6,5205.72,-1643.45,45.98,94.44
2.93,6,5205.72,-1594.85,0.34,57.7
3.1,7,5205.72,-1580.12,0,1.5
3.11,7,5205.72,-1580.12,0,0.01
3.11,7,5205.72,-1580.12,0,0
3.1,7,5205.72,-1580.12,0,0
3.1,7,5205.72,-1580.12,0,0
3.1,7,5205.72,-1580.12,0,0
3.11,7,5205.72,-1580.12,0,0
3.11,7,5205.72,-1580.12,0,0
2.99,7,5205.72,-1580.12,0,0
3.11,7,5205.72,-1580.12,0,0
3.11,7,5205.72,-1580.12,0,0
3.1,7,5205.72,-1580.12,0,0
3.11,7,5205.72,-1580.12,0,0
3.11,7,5205.72,-1580.12,0,0
3.1,7,5205.72,-1580.12,0,0
3.12,7,5205.72,-1580.12,0,0
3.11,7,5205.72,-1580.12,0,0
3.12,7,5205.72,-1580.12,0,0
3,7,5205.72,-1580.12,0,0
3.11,7,5205.72,-1580.12,0,0
3.11,7,5205.72,-1580.12,0,0
3.12,7,5205.72,-1580.12,0,0
3,7,5205.72,-1580.12,0,0
3.09,7,5205.72,-1580.12,0,0
3.11,7,5205.72,-1580.12,0,0
3.11,7,5205.72,-1580.12,0,0
3.11,7,5205.72,-1580.12,0,0
2.99,7,5205.72,-1580.12,0,0
3.11,7,5205.72,-1580.12,0,0
3.11,7,5205.72,-1580.12,0,0
3.01,8,5205.72,-1580.12,0,0
2.84,8,5048.15,-1765.67,-180.84,-207.95
2.84,8,4856.71,-1974.79,-198.56,-205.82
2.99,8,4758.04,-1898.21,-86.9,94.62
2.99,8,4678.52,-1801.02,-79.6,97.48
2.99,8,4601.94,-1702.35,-80.73,98.49
2.99,8,4562.18,-1746.53,-100.39,-133.65
2.99,8,4547.46,-1786.29,-97.64,-131.38
2.99,5,4582.8,-1773.04,70.15,53.61
2.99,5,4545.98,-1821.63,-46.88,-58.69
2.99,5,4490.02,-1883.48,-55.62,-57.92
2.99,5,4569.54,-1793.65,90.7,103.83
2.99,5,4666.74,-1684.68,95.85,109.48
2.98,5,4613.72,-1743.58,-61.81,-65.56
2.99,5,4544.51,-1811.32,-71.51,-70.74
2.99,5,4532.73,-1740.64,-1.7,82.93
2.99,5,4532.73,-1661.12,-0.01,80.48
2.99,5,4532.73,-1699.41,-0,-45.41
2.99,5,4532.73,-1743.58,-0,-44.27
2.98,5,4532.73,-1801.02,-0,-59
2.99,5,4456.15,-1884.96,-76.52,-84.76
2.98,5,4531.26,-1814.27,88.84,84.26
2.98,5,4609.31,-1736.22,64.62,66.77
2.85,5,4545.98,-1873.17,-52.32,-202.45
2.82,5,4749.2,-2060.2,189.57,-112.23
2.99,6,4685.88,-2139.72,-76.76,-103.5
2.98,6,4778.66,-1948.28,90.71,219.8
2.98,6,4897.94,-1786.29,129.08,140.68
2.97,6,4993.66,-1641.97,59.55,156.77
2.94,6,5058.46,-1493.24,77.63,127.41
2.85,6,5129.14,-1444.64,25.36,45.97
3.09,7,5214.55,-1368.07,81.79,84.88
3.11,7,5214.55,-1368.07,0.68,0.71
3.1,7,5214.55,-1368.07,0,0.01
3.1,7,5214.55,-1368.07,0,0
3.11,7,5214.55,-1368.07,0,0
3.1,7,5214.55,-1368.07,0,0
3.11,7,5214.55,-1368.07,0,0
3.11,7,5214.55,-1368.07,0,0
3.11,7,5214.55,-1368.07,0,0
3.11,7,5214.55,-1368.07,0,0
3.11,7,5214.55,-1368.07,0,0
3.11,7,5214.55,-1368.07,0,0
3.11,7,5214.55,-1368.07,0,0
3.11,7,5214.55,-1368.07,0,0
3.11,7,5214.55,-1368.07,0,0
3.1,7,5214.55,-1368.07,0,0
3.11,7,5214.55,-1368.07,0,0
3.11,7,5214.55,-1368.07,0,0
3,7,5214.55,-1368.07,0,0
3.11,7,5214.55,-1368.07,0,0
3.12,7,5214.55,-1368.07,0,0
3.11,7,5214.55,-1368.07,0,0
3.11,7,5214.55,-1368.07,0,0
3.11,7,5214.55,-1368.07,0,0
3.11,7,5214.55,-1368.07,0,0
3.11,7,5214.55,-1368.07,0,0
3.12,7,5214.55,-1368.07,0,0
2.99,7,5214.55,-1368.07,0,0
3.12,7,5214.55,-1368.07,0,0
3.12,7,5214.55,-1368.07,0,0
3.12,7,5214.55,-1368.07,0,0
3.12,7,5214.55,-1368.07,0,0
3.11,7,5214.55,-1368.07,0,0
3.12,7,5214.55,-1368.07,0,0
3.12,7,5214.55,-1368.07,0,0
3.11,7,5214.55,-1368.07,0,0
3,7,5214.55,-1368.07,0,0
3.11,7,5214.55,-1368.07,0,0
3.12,7,5214.55,-1368.07,0,0
3.12,7,5214.55,-1368.07,0,0
3.12,7,5214.55,-1368.07,0,0
3.12,7,5214.55,-1368.07,0,0
3.12,7,5214.55,-1368.07,0,0
3.12,7,5214.55,-1368.07,0,0
3.12,7,5214.55,-1368.07,0,0
3.12,7,5214.55,-1368.07,0,0
3.12,7,5214.55,-1368.07,0,0
3.12,7,5214.55,-1368.07,0,0
3.12,7,5214.55,-1368.07,0,0
3.12,7,5214.55,-1368.07,0,0
3.12,7,5214.55,-1368.07,0,0
3.12,7,5214.55,-1368.07,0,0
3.12,7,5214.55,-1368.07,0,0
3.12,7,5214.55,-1368.07,0,0
3.12,7,5214.55,-1368.07,0,0
3.12,7,5214.55,-1368.07,0,0
3.12,7,5214.55,-1368.07,0,0
3.12,7,5214.55,-1368.07,0,0
3.12,7,5214.55,-1368.07,0,0
3.13,7,5214.55,-1368.07,0,0
3.12,7,5214.55,-1368.07,0,0
3.1,7,5214.55,-1368.07,0,0
3,7,5214.55,-1368.07,0,0
3,7,5214.55,-1368.07,0,0
2.86,8,5199.83,-1387.21,-38.4,-48.53
2.84,8,5177.74,-1494.71,-29.41,-123.13
3,8,5033.42,-1669.95,-105.93,-162.9
2.99,8,5129.14,-1778.93,89.86,-110.34
2.99,8,5232.22,-1893.79,100.51,-112.86
2.84,8,5336.78,-1976.26,102.59,-36.72
2.85,8,5291.13,-2054.31,-65.94,-101.94
2.99,8,5258.73,-2108.79,-92.02,-122.92
2.99,5,5283.77,-2176.53,-7.72,-66.91
2.99,5,5258.73,-2250.17,-9.26,-67.65
2.99,5,5269.04,-2304.65,21.91,-49.09
2.99,5,5301.44,-2354.72,30.6,-48.49
2.99,5,5320.58,-2376.81,-2.74,16.73
2.99,5,5320.58,-2341.47,-0.02,39.73
2.99,5,5320.58,-2332.63,-0,-18.94
2.99,5,5320.58,-2376.81,-0,-46.81
2.99,5,5320.58,-2381.23,-0,20
2.98,5,5320.58,-2337.05,-0,48.97
2.99,5,5335.31,-2284.04,32.14,63.97
2.99,5,5388.32,-2211.88,50.36,73.2
2.98,9,5416.3,-2141.19,6.05,71.61
2.84,9,5451.65,-2107.32,58.23,37.54
2.97,6,5383.9,-2195.68,-15.95,-22.57
2.95,6,5491.41,-2048.42,81.58,164.16
2.91,6,5529.69,-1929.13,26.18,119.46
3.11,7,5582.71,-1846.67,27.05,45.84
3.11,7,5582.71,-1846.67,0.2,0.34
3.11,7,5582.71,-1846.67,0,0
3.11,7,5582.71,-1846.67,0,0
3.11,7,5582.71,-1846.67,0,0
3.11,7,5582.71,-1846.67,0,0
3.11,7,5582.71,-1846.67,0,0
3.11,7,5582.71,-1846.67,0,0
3.11,7,5582.71,-1846.67,0,0
3.11,7,5582.71,-1846.67,0,0
3.11,7,5582.71,-1846.67,0,0
3.11,7,5582.71,-1846.67,0,0
3.11,7,5582.71,-1846.67,0,0
3.11,7,5582.71,-1846.67,0,0
3.11,7,5582.71,-1846.67,0,0
3.11,7,5582.71,-1846.67,0,0
3.11,7,5582.71,-1846.67,0,0
3.11,7,5582.71,-1846.67,0,0
3.11,7,5582.71,-1846.67,0,0
3.12,7,5582.71,-1846.67,0,0
3.12,7,5582.71,-1846.67,0,0
3.11,7,5582.71,-1846.67,0,0
3.12,7,5582.71,-1846.67,0,0
3.12,7,5582.71,-1846.67,0,0
3.12,7,5582.71,-1846.67,0,0
3,7,5582.71,-1846.67,0,0
3.12,7,5582.71,-1846.67,0,0
3.12,7,5582.71,-1846.67,0,0
3.12,7,5582.71,-1846.67,0,0
3.12,7,5582.71,-1846.67,0,0
3.11,7,5582.71,-1846.67,0,0
3.12,7,5582.71,-1846.67,0,0
3.12,7,5582.71,-1846.67,0,0
3.12,7,5582.71,-1846.67,0,0
3.12,7,5582.71,-1846.67,0,0
3.12,7,5582.71,-1846.67,0,0
3.12,7,5582.71,-1846.67,0,0
3.12,7,5582.71,-1846.67,0,0
3.08,7,5582.71,-1846.67,0,0
3.12,7,5582.71,-1846.67,0,0
3.11,7,5582.71,-1846.67,0,0
3.12,7,5582.71,-1846.67,0,0
3.12,7,5582.71,-1846.67,0,0
3.12,7,5582.71,-1846.67,0,0
3.12,7,5582.71,-1846.67,0,0
3.11,7,5582.71,-1846.67,0,0
3.12,7,5582.71,-1846.67,0,0
3.12,7,5582.71,-1846.67,0,0
3.12,7,5582.71,-1846.67,0,0
3.12,7,5582.71,-1846.67,0,0
3.12,7,5582.71,-1846.67,0,0
3.12,7,5582.71,-1846.67,0,0
3.12,7,5582.71,-1846.67,0,0
3.12,7,5582.71,-1846.67,0,0
3.12,7,5582.71,-1846.67,0,0
3.12,7,5582.71,-1846.67,0,0
3.12,7,5582.71,-1846.67,0,0
3.12,7,5582.71,-1846.67,0,0
3.12,7,5582.71,-1846.67,0,0
3.12,7,5582.71,-1846.67,0,0
3.12,7,5582.71,-1846.67,0,0
3,7,5582.71,-1846.67,0,0
3.01,7,5582.71,-1846.67,0,0
3,7,5582.71,-1846.67,0,0
2.85,8,5472.26,-1979.2,-162.2,-190.98
2.85,8,5271.99,-2203.04,-197.36,-223.48
2.99,8,5155.65,-2191.26,-84,85.27
3,8,5076.13,-2095.54,-76.76,91.92
2.99,8,4992.19,-1998.35,-79.19,98.3
2.97,8,4911.19,-2035.16,-145.39,-160.44
2.85,8,4897.94,-2069.03,-64.9,-82.3
2.99,5,4881.74,-2092.6,40.09,60.07
2.99,5,4903.83,-2150.03,24.73,-61.75
2.99,5,4908.25,-2204.51,0.59,-49.03
2.98,5,4902.36,-2138.25,-1.26,62.41
2.98,5,4902.36,-2079.34,-0.01,58.92
2.99,5,4902.36,-2070.51,-0,1.28
2.99,5,4902.36,-2071.98,-0,-0.43
2.99,5,4887.63,-2117.63,-15.67,-49.49
2.99,5,4886.16,-2160.34,-0.22,-41.93
2.99,5,4886.16,-2210.4,-0,-44.1
2.98,5,4887.63,-2261.95,0.99,-48.31
2.99,5,4924.45,-2351.78,43.56,-92.75
2.99,5,4970.1,-2447.5,48.94,-96.06
2.84,9,4993.66,-2431.3,114.42,132.56
2.99,6,4917.08,-2521.13,-21.4,-22.58
2.98,6,5021.64,-2373.87,116.08,154.65
2.98,6,5151.23,-2241.33,128.91,132.21
2.94,6,5257.26,-2105.85,73.34,134.64
3.09,7,5327.94,-1996.87,78.04,117.05
3.11,7,5327.94,-1996.87,0.6,0.91
3.1,7,5327.94,-1996.87,0,0.01
3.1,7,5327.94,-1996.87,0,0
3.1,7,5327.94,-1996.87,0,0
3.11,7,5327.94,-1996.87,0,0
3.11,7,5327.94,-1996.87,0,0
3.1,7,5327.94,-1996.87,0,0
3.11,7,5327.94,-1996.87,0,0
3.05,7,5327.94,-1996.87,0,0
3.11,7,5327.94,-1996.87,0,0
3.11,7,5327.94,-1996.87,0,0
3.11,7,5327.94,-1996.87,0,0
3.11,7,5327.94,-1996.87,0,0
3.11,7,5327.94,-1996.87,0,0
3.11,7,5327.94,-1996.87,0,0
3.11,7,5327.94,-1996.87,0,0
3.11,7,5327.94,-1996.87,0,0
3,7,5327.94,-1996.87,0,0
3.11,7,5327.94,-1996.87,0,0
3.11,7,5327.94,-1996.87,0,0
3.11,7,5327.94,-1996.87,0,0
3.11,7,5327.94,-1996.87,0,0
3.12,7,5327.94,-1996.87,0,0
3.11,7,5327.94,-1996.87,0,0
3.12,7,5327.94,-1996.87,0,0
3.11,7,5327.94,-1996.87,0,0
3,7,5327.94,-1996.87,0,0
3.12,7,5327.94,-1996.87,0,0
3.11,7,5327.94,-1996.87,0,0
3.11,7,5327.94,-1996.87,0,0
3.12,7,5327.94,-1996.87,0,0
3.11,7,5327.94,-1996.87,0,0
3.11,7,5327.94,-1996.87,0,0
3.11,7,5327.94,-1996.87,0,0
3.11,7,5327.94,-1996.87,0,0
3.07,7,5327.94,-1996.87,0,0
3.11,7,5327.94,-1996.87,0,0
3.12,7,5327.94,-1996.87,0,0
3.12,7,5327.94,-1996.87,0,0
3.11,7,5327.94,-1996.87,0,0
3.12,7,5327.94,-1996.87,0,0
3.12,7,5327.94,-1996.87,0,0
3.12,7,5327.94,-1996.87,0,0
3.12,7,5327.94,-1996.87,0,0
3.11,7,5327.94,-1996.87,0,0
3.12,7,5327.94,-1996.87,0,0
3.12,7,5327.94,-1996.87,0,0
3.12,7,5327.94,-1996.87,0,0
3.12,7,5327.94,-1996.87,0,0
3.12,7,5327.94,-1996.87,0,0
3.12,7,5327.94,-1996.87,0,0
3.12,7,5327.94,-1996.87,0,0
3.12,7,5327.94,-1996.87,0,0
3.11,7,5327.94,-1996.87,0,0
3.12,7,5327.94,-1996.87,0,0
3.12,7,5327.94,-1996.87,0,0
3.12,7,5327.94,-1996.87,0,0
3.12,7,5327.94,-1996.87,0,0
3.12,7,5327.94,-1996.87,0,0
3.12,7,5327.94,-1996.87,0,0
3.12,7,5327.94,-1996.87,0,0
3,7,5327.94,-1996.87,0,0
3,7,5327.94,-1996.87,0,0
2.85,8,5188.05,-2152.97,-187.94,-201.74
2.85,8,4990.71,-2372.39,-196.78,-221.15
2.99,8,5046.67,-2428.35,79.16,-34.73
2.99,8,5092.33,-2466.64,8.88,-4.81
2.99,8,5092.33,-2454.86,0.07,10.51
2.99,8,5011.33,-2538.8,-134.16,-157.09
2.96,8,4971.57,-2590.34,-123.75,-150.36
2.99,5,4975.99,-2674.28,42.85,-77.55
2.99,5,5036.37,-2752.33,62.09,-76.99
2.99,5,5077.6,-2802.4,16.99,-3.52
2.99,5,5077.6,-2789.15,0.13,1.36
2.99,5,5073.18,-2802.4,-9.84,-33.82
2.99,5,5059.93,-2864.25,-2.8,-54.39
2.98,5,5059.93,-2921.68,-0.02,-53.77
2.99,5,5059.93,-2923.15,-0,-0.5
2.99,5,5059.93,-2905.48,-0,45.5
2.98,5,5059.93,-2828.91,-0,72.74
2.99,5,5059.93,-2755.27,-0,71.24
2.99,5,5059.93,-2690.48,-0,67.53
2.98,5,5054.04,-2681.64,-16,-32.24
2.98,5,4996.6,-2765.58,-48.51,-81.09
2.99,5,4978.93,-2811.23,28.34,3.31
2.84,5,4937.7,-2865.72,-116.8,-141.85
2.83,5,4743.31,-2640.41,-201.61,231.68
2.98,5,4700.61,-2699.32,-95.34,-121.52
2.84,9,4728.59,-2744.97,15.47,-23.56
2.98,9,4702.08,-2795.04,-85.19,-118.72
2.98,5,4684.41,-2750.86,-7.4,50.78
2.98,9,4696.19,-2761.17,1.21,-0.9
2.95,6,4738.9,-2649.25,69.95,189.95
2.98,6,4856.71,-2488.73,128.3,138.77
2.95,6,4980.41,-2359.14,110.84,120.97
2.84,6,5061.4,-2294.34,37.27,58.17
2.84,6,5059.93,-2220.71,-0.31,48.29
2.84,6,5059.93,-2170.64,-0.46,55.64
2.85,6,5059.93,-2141.19,-0.04,15.42
2.84,6,5061.4,-2036.64,2.55,167.18
2.82,6,5036.37,-1949.75,-29.77,38.5
2.84,6,5051.09,-1946.81,141.63,159.36
2.98,6,5084.96,-1954.17,1.29,-52.65
2.97,5,5084.96,-1954.17,0.01,-0.5
2.98,5,5084.96,-1936.5,0,10.95
2.98,5,5084.96,-1936.5,0,0.09
3.06,5,5126.2,-1901.15,59.22,49.34
3.06,5,5145.34,-1871.7,2.95,16.64
3.06,5,5146.81,-1873.17,0.03,-0.16
2.98,5,5146.81,-1873.17,0,-0
3.06,5,5130.61,-1858.45,-11.66,12.63
3.06,5,5130.61,-1858.45,-0.09,0.1
2.95,5,5127.67,-1880.54,-1.54,-19.16
3.02,5,5127.67,-1874.65,-0.01,3.84
3.06,5,5139.45,-1854.03,7.93,16.85
3.06,5,5139.45,-1854.03,0.06,0.12
3.06,5,5143.87,-1882.01,2.28,-31.29
2.98,5,5143.87,-1889.37,0.02,-1.07
2.95,5,5266.09,-1752.42,174.52,181.35
2.83,5,5375.07,-1765.67,105.26,70.32
2.98,5,5313.22,-1873.17,-50.78,-81.18
2.98,5,5258.73,-1952.7,-55.23,-79.11
2.99,5,5285.24,-1929.13,68.11,80.31
2.98,5,5325,-1840.78,24.36,80.92
2.97,5,5329.42,-1830.47,0.94,-7.41
2.98,5,5329.42,-1830.47,0.03,0.03
2.98,5,5345.62,-1783.34,31.5,70.35
3.06,5,5378.01,-1742.11,38.23,19.53
2.98,5,5361.82,-1783.34,-51.27,-65.57
2.97,5,5335.31,-1842.25,-6.16,-57.67
2.98,5,5330.89,-1831.94,-1.24,40.79
2.98,5,5330.89,-1784.82,0.03,33.64
2.98,5,5330.89,-1798.07,0.01,-36.26
2.98,5,5327.94,-1843.72,-3.77,-44.33
2.98,5,5326.47,-1818.69,-0.51,54.5
2.85,5,5348.56,-1795.13,46.24,-29.78
2.82,5,5453.12,-1918.83,117.1,-122.94
2.84,5,5501.71,-1996.87,-83.67,-118.58
2.98,5,5469.32,-2008.66,31.08,58.48
2.97,5,5526.75,-1927.66,60.41,79.68
2.97,5,5512.02,-1955.64,-59.73,-85.63
2.97,5,5436.92,-2049.89,-71.2,-94.81
2.97,9,5456.06,-2133.83,71.57,-91.05
2.93,9,5416.3,-2182.43,-84.36,-123.87
2.97,5,5380.96,-2229.55,8.45,-15.47
2.97,5,5383.9,-2229.55,0.21,-0.11
2.97,5,5378.01,-2229.55,-10.33,-0
2.97,5,5378.01,-2229.55,-0.08,-0
2.98,5,5395.69,-2207.46,43.28,49.02
2.97,5,5448.7,-2148.55,55.56,50.41
2.97,5,5459.01,-2139.72,1.33,3.28
2.97,5,5459.01,-2139.72,0.01,0.02
2.97,5,5459.01,-2161.81,0,-48.29
2.97,5,5459.01,-2214.82,0,-51.58
2.97,5,5459.01,-2207.46,0,17.96
2.98,5,5459.01,-2207.46,0,0.14
2.97,5,5448.7,-2207.46,-25.5,0
2.97,5,5448.7,-2207.46,-0.21,0
2.97,5,5451.65,-2207.46,4.75,0
2.83,5,5463.43,-2219.24,7.76,-8.89
2.82,5,5410.41,-2213.35,-94.78,3.94
2.97,5,5383.9,-2238.38,-55.2,-52.23
2.98,5,5429.56,-2166.23,28.12,74.74
2.97,5,5429.56,-2142.66,0.17,4.54
2.97,5,5423.67,-2139.72,-10.11,6.43
2.97,5,5423.67,-2139.72,-0.07,0.05
2.97,5,5423.67,-2139.72,-0,0
2.98,5,5423.67,-2136.77,0.12,5.07
2.97,5,5431.03,-2157.39,12.63,-48.48
2.97,5,5431.03,-2211.88,0.09,-50.87
2.96,5,5420.72,-2192.73,-21.69,43.08
2.97,5,5420.72,-2192.73,-0.17,0.43
2.97,5,5429.56,-2192.73,18.37,0
2.97,5,5429.56,-2192.73,0.13,0
2.97,5,5414.83,-2210.4,-32.57,-38.9
2.97,5,5405.99,-2214.82,-0.99,-0.64
2.97,5,5391.27,-2191.26,-37.8,55.01
2.81,5,5260.2,-2144.14,-129.75,-76.35
2.83,5,5183.63,-2033.69,64.37,148.18
2.96,5,5120.31,-2104.38,17.76,7.23
2.97,5,5155.65,-2086.7,57.57,28.43
2.97,5,5192.46,-2086.7,24.79,0.3
2.97,5,5202.77,-2110.27,22.67,-53.81
2.96,9,5254.31,-2169.17,25.63,-33.31
2.92,6,5257.26,-2166.23,4.11,2.67
2.97,6,5385.38,-2039.58,134.92,130.69
2.97,6,5516.44,-1914.41,131.48,116.31
3.09,7,5563.56,-1871.7,10.11,10.8
3.09,7,5563.56,-1871.7,0.08,0.08
3.09,7,5563.56,-1871.7,0,0
3.09,7,5563.56,-1871.7,0,0
3.1,7,5563.56,-1871.7,0,0
3.1,7,5563.56,-1871.7,0,0
3.1,7,5563.56,-1871.7,0,0
3.09,7,5563.56,-1871.7,0,0
3.1,7,5563.56,-1871.7,0,0
3.1,7,5563.56,-1871.7,0,0
3.1,7,5563.56,-1871.7,0,0
3.09,7,5563.56,-1871.7,0,0
3.1,7,5563.56,-1871.7,0,0
3.1,7,5563.56,-1871.7,0,0
3.1,7,5563.56,-1871.7,0,0
3.1,7,5563.56,-1871.7,0,0
3.11,7,5563.56,-1871.7,0,0
3.1,7,5563.56,-1871.7,0,0
3.1,7,5563.56,-1871.7,0,0
3.1,7,5563.56,-1871.7,0,0
3.1,7,5563.56,-1871.7,0,0
3.1,7,5563.56,-1871.7,0,0
3.1,7,5563.56,-1871.7,0,0
3.11,7,5563.56,-1871.7,0,0
3.1,7,5563.56,-1871.7,0,0
3.11,7,5563.56,-1871.7,0,0
3.11,7,5563.56,-1871.7,0,0
3.11,7,5563.56,-1871.7,0,0
3.11,7,5563.56,-1871.7,0,0
3.1,7,5563.56,-1871.7,0,0
3.1,7,5563.56,-1871.7,0,0
3.11,7,5563.56,-1871.7,0,0
3.11,7,5563.56,-1871.7,0,0
3.11,7,5563.56,-1871.7,0,0
3.1,7,5563.56,-1871.7,0,0
3.11,7,5563.56,-1871.7,0,0
3.1,7,5563.56,-1871.7,0,0
3.11,7,5563.56,-1871.7,0,0
3.11,7,5563.56,-1871.7,0,0
3.11,7,5563.56,-1871.7,0,0
3.11,7,5563.56,-1871.7,0,0
3.11,7,5563.56,-1871.7,0,0
3.11,7,5563.56,-1871.7,0,0
3.11,7,5563.56,-1871.7,0,0
3.12,7,5563.56,-1871.7,0,0
3.11,7,5563.56,-1871.7,0,0
3.11,7,5563.56,-1871.7,0,0
3.11,7,5563.56,-1871.7,0,0
3,7,5563.56,-1871.7,0,0
3,7,5563.56,-1871.7,0,0
2.99,7,5563.56,-1871.7,0,0
3,7,5563.56,-1871.7,0,0
2.99,7,5563.56,-1871.7,0,0
2.84,8,5507.6,-1939.44,-113.71,-140.81
2.84,8,5319.11,-2136.77,-183.33,-188.05
2.99,8,5168.9,-2216.3,-105.31,53.84
2.99,8,5092.33,-2116.16,-84.42,103.06
2.98,8,5006.91,-2016.02,-80.17,97.14
2.85,8,4983.35,-1940.92,15.15,43.93
2.85,8,4967.15,-1971.84,119.74,113.89
2.98,5,4902.36,-2066.09,13.65,-14.19
2.99,5,4987.77,-1993.93,81.51,72.82
2.98,5,5061.4,-1923.24,55.34,62.95
2.98,5,5096.74,-1889.37,13.08,9.87
2.98,5,5095.27,-1889.37,-1.78,0.07
2.98,5,5095.27,-1889.37,-0.01,0
2.98,5,5115.89,-1920.3,45.34,-68.86
2.97,5,5137.98,-1995.4,33.24,-80.39
2.98,5,5155.65,-2070.51,-23.18,-66.87
2.98,5,5155.65,-2119.1,-0.27,-47.41
2.98,5,5173.32,-2176.53,38.48,-71.77
2.98,9,5214.55,-2235.44,20.4,-29.9
2.84,6,5216.03,-2232.49,1.63,2.09
2.97,6,5317.64,-2052.83,109.11,163.5
2.98,6,5454.59,-1915.88,136.88,140.18
2.89,6,5579.76,-1793.65,108.23,98.2
2.98,6,5684.32,-1727.39,101.49,84
3.1,7,5699.05,-1700.88,2.06,5.55
3.1,7,5699.05,-1700.88,0.02,0.04
3.1,7,5699.05,-1700.88,0,0
3.1,7,5699.05,-1700.88,0,0
3.1,7,5699.05,-1700.88,0,0
3.1,7,5699.05,-1700.88,0,0
3.1,7,5699.05,-1700.88,0,0
3.1,7,5699.05,-1700.88,0,0
3.1,7,5699.05,-1700.88,0,0
3.1,7,5699.05,-1700.88,0,0
3.1,7,5699.05,-1700.88,0,0
3.1,7,5699.05,-1700.88,0,0
3.11,7,5699.05,-1700.88,0,0
3.11,7,5699.05,-1700.88,0,0
3.1,7,5699.05,-1700.88,0,0
3.1,7,5699.05,-1700.88,0,0
3.11,7,5699.05,-1700.88,0,0
3.11,7,5699.05,-1700.88,0,0
3.11,7,5699.05,-1700.88,0,0
3.11,7,5699.05,-1700.88,0,0
3.11,7,5699.05,-1700.88,0,0
3.11,7,5699.05,-1700.88,0,0
3.11,7,5699.05,-1700.88,0,0
3.11,7,5699.05,-1700.88,0,0
3.11,7,5699.05,-1700.88,0,0
3.11,7,5699.05,-1700.88,0,0
3.11,7,5699.05,-1700.88,0,0
3.1,7,5699.05,-1700.88,0,0
3.11,7,5699.05,-1700.88,0,0
3.11,7,5699.05,-1700.88,0,0
3.11,7,5699.05,-1700.88,0,0
3.11,7,5699.05,-1700.88,0,0
3.11,7,5699.05,-1700.88,0,0
3.11,7,5699.05,-1700.88,0,0
3.11,7,5699.05,-1700.88,0,0
3.11,7,5699.05,-1700.88,0,0
3.11,7,5699.05,-1700.88,0,0
3.1,7,5699.05,-1700.88,0,0
3.11,7,5699.05,-1700.88,0,0
3.11,7,5699.05,-1700.88,0,0
3.11,7,5699.05,-1700.88,0,0
3.12,7,5699.05,-1700.88,0,0
3.11,7,5699.05,-1700.88,0,0
3.11,7,5699.05,-1700.88,0,0
3.11,7,5699.05,-1700.88,0,0
3.11,7,5699.05,-1700.88,0,0
3.11,7,5699.05,-1700.88,0,0
3.11,7,5699.05,-1700.88,0,0
3.11,7,5699.05,-1700.88,0,0
3.12,7,5699.05,-1700.88,0,0
3.11,7,5699.05,-1700.88,0,0
3.11,7,5699.05,-1700.88,0,0
3.11,7,5699.05,-1700.88,0,0
3.11,7,5699.05,-1700.88,0,0
3.12,7,5699.05,-1700.88,0,0
3.11,7,5699.05,-1700.88,0,0
3.12,7,5699.05,-1700.88,0,0
3.11,7,5699.05,-1700.88,0,0
3.12,7,5699.05,-1700.88,0,0
3.12,7,5699.05,-1700.88,0,0
3.12,7,5699.05,-1700.88,0,0
3,7,5699.05,-1700.88,0,0
2.99,7,5699.05,-1700.88,0,0
3,7,5699.05,-1700.88,0,0
2.99,7,5699.05,-1700.88,0,0
3,7,5699.05,-1700.88,0,0
2.86,8,5671.07,-1736.22,-67.94,-89.64
2.84,8,5481.1,-1948.28,-193.33,-219.66
2.99,8,5313.22,-2089.65,-131.21,-35.77
2.99,8,5226.33,-1989.51,-86.33,98.07
2.98,8,5146.81,-1892.32,-71.52,93.95
2.85,8,5117.36,-1783.34,53.11,125.73
2.84,8,5059.93,-1865.81,-13.91,-37.7
2.99,5,4986.3,-1945.33,-89.87,-114.22
2.99,5,4967.15,-1911.46,-4.26,32.97
2.99,5,4965.68,-1882.01,-0.19,33.67
2.98,5,4965.68,-1879.07,-0,0.6
2.98,5,4965.68,-1886.43,-0,-19.24
2.98,5,4965.68,-1949.75,-0,-63.44
2.98,5,4965.68,-1993.93,-0,-20.96
2.98,5,4965.68,-1958.59,-0,33.46
2.98,5,4965.68,-1964.48,-0,-14.11
2.98,5,4965.68,-2002.77,-0,-30.7
2.98,5,4974.52,-2021.91,20.59,4.75
2.98,5,5055.51,-1929.13,73.31,94.08
2.98,5,5124.72,-1861.39,50.25,33.68
2.98,5,5067.29,-1955.64,-53.48,-97.77
2.98,5,5009.86,-2032.22,-54.5,-39.66
2.98,5,4981.88,-1957.11,-11.93,74.14
2.84,5,5006.91,-2142.66,-101.66,-203.75
2.84,5,4921.5,-2017.49,14.92,84.66
2.97,5,4856.71,-2105.85,-11.49,-26.55
2.98,5,4827.25,-2169.17,-17.85,-37.58
2.98,5,4839.03,-2160.34,29.35,22.86
2.98,5,4921.5,-2095.54,85.64,64.85
2.97,5,4989.24,-2046.94,43.1,29.66
2.97,5,4943.59,-2107.32,-40.66,-57.55
2.97,5,4896.47,-2166.23,-45.01,-58.87
2.97,5,4894.99,-2167.7,-0.51,-0.67
2.98,5,4902.36,-2157.39,16.17,25.6
2.97,5,4942.12,-2076.4,36.99,80.78
2.98,5,4980.41,-2023.38,48.11,34.04
2.97,5,5042.26,-2079.34,61.19,-52.25
2.97,5,5092.33,-2123.52,29.94,-18.26
2.97,5,5058.46,-2054.31,-34.1,68.37
2.97,5,5029,-2008.66,-24.87,15.85
2.83,5,5046.67,-2111.74,93.84,-148.44
2.82,5,4995.13,-2024.85,-140.33,190.18
2.94,5,4961.26,-1980.68,-89.75,-106.2
2.97,5,4912.67,-2008.66,-27.26,-0.4
2.97,5,4862.6,-2097.01,-53.84,-91.96
2.97,5,4864.07,-2114.68,11.86,-2.42
2.97,5,4871.43,-2114.68,0.65,-0.02
2.97,5,4868.49,-2114.68,-9.89,-0
2.97,5,4868.49,-2114.68,-0.08,-0
2.97,5,4868.49,-2107.32,-0,17.34
2.97,5,4868.49,-2076.4,-0,19.85
2.97,5,4868.49,-2074.92,-0,2.09
2.97,5,4868.49,-1998.35,-0,77.35
2.97,5,4865.54,-1942.39,-4.04,37.08
2.97,5,4852.29,-2002.77,-2.4,-51.83
2.96,5,4852.29,-2049.89,-0.02,-45.17
2.97,5,4852.29,-2054.31,-0,-0.81
2.97,5,4852.29,-2054.31,-0,-0.01
2.83,5,4852.29,-2107.32,0,-103.44
2.82,5,4858.18,-2104.38,4.05,6.92
2.97,5,4841.98,-2147.08,-34.67,-102.45
2.97,5,4844.92,-2151.5,7.99,-20.06
2.97,5,4881.74,-2161.81,38.34,-6.83
2.97,9,4918.56,-2205.99,29.77,-45.59
2.82,9,4945.06,-2186.84,-9.07,-32.54
2.98,9,4881.74,-2282.56,-28.85,-55.2
2.97,6,4881.74,-2282.56,-0.21,-0.41
2.96,6,4996.6,-2164.75,121.99,128.22
2.96,6,5132.09,-2098.49,120.33,58.44
3.09,7,5167.43,-2036.64,5.29,30.69
3.09,7,5167.43,-2036.64,0.04,0.22
3.09,7,5167.43,-2036.64,0,0
3.09,7,5167.43,-2036.64,0,0
3.09,7,5167.43,-2036.64,0,0
3.09,7,5167.43,-2036.64,0,0
3.1,7,5167.43,-2036.64,0,0
3.1,7,5167.43,-2036.64,0,0
3.1,7,5167.43,-2036.64,0,0
3.1,7,5167.43,-2036.64,0,0
3.1,7,5167.43,-2036.64,0,0
3.1,7,5167.43,-2036.64,0,0
3.1,7,5167.43,-2036.64,0,0
3.1,7,5167.43,-2036.64,0,0
3.1,7,5167.43,-2036.64,0,0
3.1,7,5167.43,-2036.64,0,0
3.1,7,5167.43,-2036.64,0,0
3.1,7,5167.43,-2036.64,0,0
3.1,7,5167.43,-2036.64,0,0
3.1,7,5167.43,-2036.64,0,0
3.1,7,5167.43,-2036.64,0,0
3.1,7,5167.43,-2036.64,0,0
3.1,7,5167.43,-2036.64,0,0
3.1,7,5167.43,-2036.64,0,0
3.1,7,5167.43,-2036.64,0,0
3.1,7,5167.43,-2036.64,0,0
3.11,7,5167.43,-2036.64,0,0
3.1,7,5167.43,-2036.64,0,0
3.1,7,5167.43,-2036.64,0,0
3.1,7,5167.43,-2036.64,0,0
3.11,7,5167.43,-2036.64,0,0
3.1,7,5167.43,-2036.64,0,0
3.1,7,5167.43,-2036.64,0,0
3.1,7,5167.43,-2036.64,0,0
3.1,7,5167.43,-2036.64,0,0
3.1,7,5167.43,-2036.64,0,0
3.1,7,5167.43,-2036.64,0,0
3.11,7,5167.43,-2036.64,0,0
3.11,7,5167.43,-2036.64,0,0
3.11,7,5167.43,-2036.64,0,0
3.11,7,5167.43,-2036.64,0,0
3.1,7,5167.43,-2036.64,0,0
3.11,7,5167.43,-2036.64,0,0
3.11,7,5167.43,-2036.64,0,0
3.11,7,5167.43,-2036.64,0,0
3.11,7,5167.43,-2036.64,0,0
3.11,7,5167.43,-2036.64,0,0
3.11,7,5167.43,-2036.64,0,0
3.11,7,5167.43,-2036.64,0,0
3.11,7,5167.43,-2036.64,0,0
3.11,7,5167.43,-2036.64,0,0
3.11,7,5167.43,-2036.64,0,0
3.11,7,5167.43,-2036.64,0,0
3.11,7,5167.43,-2036.64,0,0
3.11,7,5167.43,-2036.64,0,0
3.11,7,5167.43,-2036.64,0,0
3.11,7,5167.43,-2036.64,0,0
3.11,7,5167.43,-2036.64,0,0
3.11,7,5167.43,-2036.64,0,0
3.11,7,5167.43,-2036.64,0,0
3.1,7,5167.43,-2036.64,0,0
2.99,7,5167.43,-2036.64,0,0
3,7,5167.43,-2036.64,0,0
2.99,7,5167.43,-2036.64,0,0
2.99,7,5167.43,-2036.64,0,0
2.99,7,5167.43,-2036.64,0,0
2.84,8,5089.38,-2132.36,-147.11,-175.23
2.84,8,4897.94,-2348.83,-194.04,-225.59
2.98,8,4756.57,-2398.9,-96.16,66.49
2.98,8,4672.63,-2295.82,-89.56,104.92
2.98,8,4590.16,-2197.15,-85.58,96.65
2.83,8,4556.29,-2142.66,-73.63,-32.38
2.82,8,4529.78,-2191.26,25.98,32.46
2.98,5,4437.01,-2304.65,-67.39,-72.76
2.98,5,4403.14,-2345.89,-8.47,-14.2
2.98,5,4403.14,-2345.89,-0.06,-0.11
2.98,5,4403.14,-2345.89,-0,-0
2.98,5,4432.59,-2394.48,37.12,-72.14
2.98,5,4467.93,-2471.06,28.45,-74.66
2.97,5,4494.44,-2416.57,41.4,70.62
2.98,5,4531.26,-2347.36,36.43,66.78
2.98,5,4504.75,-2385.65,-47.76,-82.98
2.98,5,4459.1,-2459.28,-45.29,-47.59
2.98,5,4444.37,-2397.43,-26.25,77.64
2.98,5,4442.9,-2329.69,-0.3,63.2
2.98,5,4450.26,-2353.25,2.3,-53.14
2.98,5,4457.63,-2412.15,16.59,-64.73
2.97,5,4504.75,-2354.72,55.81,98.45
2.88,5,4599,-2223.66,140.95,167.96
2.84,5,4728.59,-2101.43,51.67,-23.2
2.91,5,4725.64,-2205.99,-135.86,-170.72
2.97,5,4730.06,-2284.04,40.63,-63.5
2.97,5,4783.07,-2337.05,52.77,-56.27
2.89,9,4839.03,-2289.93,120.79,128.34
2.97,5,4762.46,-2394.48,-55.86,-78.61
2.98,9,4755.1,-2412.15,-1.23,-2.82
2.92,6,4812.53,-2359.14,116.24,105.64
2.97,6,4958.32,-2231.02,144.94,130.3
2.95,6,5092.33,-2102.9,131.75,123.88
2.85,6,5193.94,-2011.6,94.11,91.93
3.09,7,5198.35,-2005.71,1.11,1.22
3.09,7,5198.35,-2005.71,0.01,0.01
3.09,7,5198.35,-2005.71,0,0
3.1,7,5198.35,-2005.71,0,0
3.09,7,5198.35,-2005.71,0,0
3.09,7,5198.35,-2005.71,0,0
3.1,7,5198.35,-2005.71,0,0
3.1,7,5198.35,-2005.71,0,0
3.09,7,5198.35,-2005.71,0,0
3.1,7,5198.35,-2005.71,0,0
3.1,7,5198.35,-2005.71,0,0
3.1,7,5198.35,-2005.71,0,0
3.1,7,5198.35,-2005.71,0,0
3.1,7,5198.35,-2005.71,0,0
3.1,7,5198.35,-2005.71,0,0
3.1,7,5198.35,-2005.71,0,0
3.1,7,5198.35,-2005.71,0,0
3.1,7,5198.35,-2005.71,0,0
3.1,7,5198.35,-2005.71,0,0
3.1,7,5198.35,-2005.71,0,0
3.1,7,5198.35,-2005.71,0,0
3.1,7,5198.35,-2005.71,0,0
3.1,7,5198.35,-2005.71,0,0
3.1,7,5198.35,-2005.71,0,0
3.11,7,5198.35,-2005.71,0,0
3.11,7,5198.35,-2005.71,0,0
3.1,7,5198.35,-2005.71,0,0
3.11,7,5198.35,-2005.71,0,0
3.11,7,5198.35,-2005.71,0,0
3.1,7,5198.35,-2005.71,0,0
3.1,7,5198.35,-2005.71,0,0
3.1,7,5198.35,-2005.71,0,0
3.1,7,5198.35,-2005.71,0,0
3.11,7,5198.35,-2005.71,0,0
3.11,7,5198.35,-2005.71,0,0
3.1,7,5198.35,-2005.71,0,0
3.1,7,5198.35,-2005.71,0,0
3.1,7,5198.35,-2005.71,0,0
3.11,7,5198.35,-2005.71,0,0
3.11,7,5198.35,-2005.71,0,0
3.1,7,5198.35,-2005.71,0,0
3.1,7,5198.35,-2005.71,0,0
3.11,7,5198.35,-2005.71,0,0
3.11,7,5198.35,-2005.71,0,0
3.11,7,5198.35,-2005.71,0,0
3.11,7,5198.35,-2005.71,0,0
3.11,7,5198.35,-2005.71,0,0
3.11,7,5198.35,-2005.71,0,0
3.11,7,5198.35,-2005.71,0,0
3.11,7,5198.35,-2005.71,0,0
3.11,7,5198.35,-2005.71,0,0
3.11,7,5198.35,-2005.71,0,0
3.11,7,5198.35,-2005.71,0,0
3.1,7,5198.35,-2005.71,0,0
3.11,7,5198.35,-2005.71,0,0
3.11,7,5198.35,-2005.71,0,0
3.11,7,5198.35,-2005.71,0,0
3.11,7,5198.35,-2005.71,0,0
3.1,7,5198.35,-2005.71,0,0
3.11,7,5198.35,-2005.71,0,0
3.11,7,5198.35,-2005.71,0,0
2.99,7,5198.35,-2005.71,0,0
2.99,7,5198.35,-2005.71,0,0
2.99,7,5198.35,-2005.71,0,0
3,7,5198.35,-2005.71,0,0
2.99,7,5198.35,-2005.71,0,0
2.84,8,5130.61,-2073.45,-135.72,-126.9
2.84,8,4934.75,-2297.29,-198.86,-221.86
2.98,8,4787.49,-2379.76,-99.61,43.46
2.98,8,4703.55,-2281.09,-74.71,96.84
2.99,8,4619.61,-2179.48,-83.4,100.25
2.83,8,4594.58,-2101.43,16.73,50.91
2.84,8,4573.96,-2139.72,113.81,102.47
2.98,5,4492.97,-2263.42,-23.25,-92.05
2.98,5,4494.44,-2338.52,3.46,-76.16
2.98,5,4573.96,-2244.28,82.24,91.35
2.98,5,4657.9,-2151.5,84.7,91.25
2.98,5,4622.56,-2094.07,-35.82,52.34
2.98,5,4603.41,-2054.31,-6.49,29.96
2.98,5,4540.09,-1985.09,-64.82,69.73
2.98,5,4543.04,-1960.06,1.39,8.76
2.98,5,4601.94,-2024.85,60.46,-61.21
2.98,5,4662.32,-2095.54,64.81,-71.72
2.98,5,4740.37,-2182.43,73.78,-85.38
2.98,5,4812.53,-2266.36,70.01,-85.75
2.97,5,4749.2,-2344.41,-54.3,-65.84
2.97,5,4749.2,-2341.47,-0.44,3.52
2.98,5,4687.35,-2254.58,-64.68,89
2.82,5,4646.12,-2232.49,-27.35,-38.21
2.85,5,4456.15,-2456.33,-190.39,-227.53
2.83,5,4382.52,-2537.33,-96.56,-96.95
2.98,5,4385.47,-2540.27,68.87,83.03
2.96,5,4475.3,-2443.08,86.28,95.94
2.97,5,4557.76,-2342.94,80.16,97.56
2.97,5,4640.23,-2244.28,79.21,99.66
2.97,5,4612.25,-2198.62,-34.11,44.16
2.97,5,4610.78,-2180.95,-0.41,14.53
2.97,5,4609.31,-2238.38,-0.16,-57.28
2.97,5,4610.78,-2291.4,1.49,-54.29
2.97,5,4659.37,-2344.41,50.4,-55.8
2.97,9,4713.86,-2394.48,54.44,-50.5
2.97,9,4694.72,-2420.99,-91.58,-119.26
2.83,9,4690.3,-2438.66,-72.33,-90.91
2.97,6,4682.94,-2465.17,62.9,64.52
2.97,6,4803.69,-2316.43,120.74,158.98
2.87,6,4930.34,-2195.68,118.05,98.68
3.09,7,4993.66,-2123.52,18.39,22.89
3.09,7,4993.66,-2123.52,0.14,0.18
3.1,7,4993.66,-2123.52,0,0
3.09,7,4993.66,-2123.52,0,0
3.1,7,4993.66,-2123.52,0,0
3.09,7,4993.66,-2123.52,0,0
3.08,7,4993.66,-2123.52,0,0
3.09,7,4993.66,-2123.52,0,0
3.1,7,4993.66,-2123.52,0,0
3.09,7,4993.66,-2123.52,0,0
3.09,7,4993.66,-2123.52,0,0
3.1,7,4993.66,-2123.52,0,0
3.1,7,4993.66,-2123.52,0,0
3.09,7,4993.66,-2123.52,0,0
3.1,7,4993.66,-2123.52,0,0
3.1,7,4993.66,-2123.52,0,0
3.1,7,4993.66,-2123.52,0,0
3.1,7,4993.66,-2123.52,0,0
3.1,7,4993.66,-2123.52,0,0
3.1,7,4993.66,-2123.52,0,0
3.1,7,4993.66,-2123.52,0,0
3.1,7,4993.66,-2123.52,0,0
3.1,7,4993.66,-2123.52,0,0
3.1,7,4993.66,-2123.52,0,0
3.1,7,4993.66,-2123.52,0,0
3.1,7,4993.66,-2123.52,0,0
3.1,7,4993.66,-2123.52,0,0
3.1,7,4993.66,-2123.52,0,0
3.1,7,4993.66,-2123.52,0,0
3.1,7,4993.66,-2123.52,0,0
3.1,7,4993.66,-2123.52,0,0
3.1,7,4993.66,-2123.52,0,0
3.1,7,4993.66,-2123.52,0,0
3.1,7,4993.66,-2123.52,0,0
3.1,7,4993.66,-2123.52,0,0
3.1,7,4993.66,-2123.52,0,0
3.1,7,4993.66,-2123.52,0,0
3.1,7,4993.66,-2123.52,0,0
3.11,7,4993.66,-2123.52,0,0
3.11,7,4993.66,-2123.52,0,0
3.1,7,4993.66,-2123.52,0,0
3.1,7,4993.66,-2123.52,0,0
3.1,7,4993.66,-2123.52,0,0
3.11,7,4993.66,-2123.52,0,0
3.11,7,4993.66,-2123.52,0,0
3.11,7,4993.66,-2123.52,0,0
3.11,7,4993.66,-2123.52,0,0
3.11,7,4993.66,-2123.52,0,0
3.1,7,4993.66,-2123.52,0,0
3.1,7,4993.66,-2123.52,0,0
3.1,7,4993.66,-2123.52,0,0
3.1,7,4993.66,-2123.52,0,0
3.1,7,4993.66,-2123.52,0,0
3.11,7,4993.66,-2123.52,0,0
3.11,7,4993.66,-2123.52,0,0
3.11,7,4993.66,-2123.52,0,0
3.11,7,4993.66,-2123.52,0,0
3.11,7,4993.66,-2123.52,0,0
3.11,7,4993.66,-2123.52,0,0
3.11,7,4993.66,-2123.52,0,0
3.11,7,4993.66,-2123.52,0,0
2.99,7,4993.66,-2123.52,0,0
2.99,7,4993.66,-2123.52,0,0
2.99,7,4993.66,-2123.52,0,0
2.98,7,4993.66,-2123.52,0,0
2.99,7,4993.66,-2123.52,0,0
2.85,8,4989.24,-2127.94,-2.88,-3.46
2.84,8,4812.53,-2319.38,-191.14,-216.35
2.98,8,4622.56,-2513.76,-182.3,-180.14
2.98,8,4537.15,-2419.52,-82,94.77
2.97,8,4450.26,-2313.49,-90.97,105.22
2.84,8,4370.74,-2214.82,-84.16,97.57
2.98,8,4316.25,-2286.98,-99.62,-131.04
2.98,8,4288.27,-2334.11,-106.23,-137.49
2.98,5,4235.26,-2286.98,-54.5,70.66
2.98,5,4242.62,-2334.11,0.12,-46.28
2.98,5,4242.62,-2382.7,0,-48.42
2.98,5,4275.02,-2429.83,58.71,-50.09
2.98,5,4345.71,-2487.26,71.56,-57.94
2.97,5,4410.5,-2571.2,67.12,-85.37
2.97,5,4470.88,-2647.77,63.01,-77.97
2.98,9,4469.41,-2628.63,0.42,3.9
2.83,9,4518,-2574.14,129.1,142.35
2.86,9,4457.63,-2656.61,16.66,11.65
2.84,9,4411.97,-2728.77,-69.8,-101.33
2.97,9,4370.74,-2783.25,-98.79,-129.94
2.82,9,4379.58,-2783.25,-38.31,-37.51
2.98,5,4326.56,-2883.39,-11.46,-74.91
2.98,5,4326.56,-2959.97,-0.09,-79.48
2.97,5,4338.34,-2989.42,22.7,22.69
2.97,5,4389.88,-2920.21,49.95,69.71
2.97,5,4416.39,-2890.76,-1.01,-18.81
2.97,5,4404.61,-2943.77,-1.51,-48.45
2.97,5,4411.97,-2993.84,19.52,-55.79
2.97,5,4411.97,-3057.16,0.16,-58.47
2.97,5,4395.78,-3114.59,-36.27,-59.28
2.97,5,4344.23,-3176.44,-52.83,-62
2.97,5,4325.09,-3189.7,-4.75,39.13
2.97,5,4325.09,-3133.74,-0.03,55.99
2.97,5,4341.29,-3117.54,35.89,-35.3
2.96,5,4398.72,-3186.75,58.19,-66.36
2.96,5,4454.68,-3264.8,55.81,-83.69
2.83,5,4438.48,-3263.33,-106.23,123.68
2.84,5,4280.91,-3257.44,-179.77,102.53
2.97,5,4217.59,-3260.38,-117.32,-135.88
2.97,5,4198.44,-3282.47,-2.9,45.54
2.97,5,4198.44,-3197.06,-0.02,86.06
2.95,5,4214.64,-3154.36,34.59,-17.56
2.97,5,4249.99,-3183.81,31.12,-10.9
2.97,5,4241.15,-3204.42,-18.48,-49.1
2.97,5,4222.01,-3282.47,-7.2,-67.11
2.96,5,4220.53,-3292.78,-0.47,33.88
2.97,5,4220.53,-3232.4,-0,57.45
2.97,5,4217.59,-3161.72,-7.01,63.18
2.96,5,4214.64,-3102.81,-1.05,54.12
2.97,5,4230.84,-3033.6,38.81,88.08
2.97,5,4279.44,-2930.52,45.47,100.58
2.96,5,4269.13,-2864.25,-26.62,53.4
2.97,5,4267.66,-2858.36,-0.32,0.93
2.96,5,4252.93,-2880.45,-35.35,-49.54
2.84,5,4326.56,-2799.45,143.58,160.95
2.86,5,4548.93,-2559.42,227.79,229.24
2.96,5,4494.44,-2634.52,-68.77,-99.87
2.96,5,4550.4,-2568.25,6.57,59.78
2.97,5,4550.4,-2562.36,0.05,1.02
2.96,5,4541.56,-2580.03,-21.16,-38.37
2.96,5,4503.28,-2649.25,-29.66,-65.06
2.97,5,4526.84,-2649.25,52.28,55.77
2.96,5,4600.47,-2553.53,70.77,94.57
2.95,5,4644.65,-2501.98,9.37,-8.94
2.96,5,4643.18,-2541.74,-0.02,-42.47
2.96,5,4656.43,-2549.11,28.18,33.18
2.95,5,4706.5,-2491.68,47.59,54.86
2.97,5,4756.57,-2468.11,44.23,-25.96
2.96,5,4791.91,-2532.91,40.6,-65.21
2.96,5,4794.86,-2596.23,-26.45,-66.16
2.96,5,4734.48,-2671.34,-58.86,-76.33
2.96,5,4682.94,-2737.6,-35.67,-58.1
2.81,5,4619.61,-2674.28,-118.09,154.63
2.81,5,4568.07,-2634.52,-27.67,-29.76
2.95,5,4520.95,-2711.1,31.67,14.64
2.96,5,4590.16,-2637.47,68.14,95.92
2.96,5,4628.45,-2578.56,8.54,14.17
2.96,5,4613.72,-2606.54,-31.06,-62.59
2.95,5,4606.36,-2674.28,-0.9,-64.51
2.96,5,4606.36,-2694.9,1.18,-3.6
2.96,5,4606.36,-2694.9,0.01,-0.03
2.96,5,4612.25,-2672.81,15.55,50.61
2.96,5,4649.07,-2596.23,33.47,76.49
2.96,5,4668.21,-2565.31,-4.96,-21.99
2.96,5,4668.21,-2605.07,-0.04,-48.17
2.96,5,4688.83,-2590.34,44.99,60.49
2.95,5,4762.46,-2504.93,73.99,85.85
2.96,5,4794.86,-2466.64,6.76,-11.78
2.95,5,4794.86,-2497.57,0.05,-19.2
2.81,5,4809.58,-2466.64,36.3,98.77
2.82,5,4793.38,-2481.37,-50.38,-70.7
2.88,5,4786.02,-2528.49,-55.77,-111.66
2.96,5,4786.02,-2538.8,-0.43,-2.35
2.95,5,4786.02,-2538.8,-0,-0.04
2.96,5,4786.02,-2538.8,-0,-0
2.96,5,4786.02,-2519.66,-0,53.34
2.96,5,4786.02,-2425.41,-0,42.23
2.95,5,4786.02,-2397.43,-0,57.9
2.95,5,4786.02,-2314.96,-0,83.52
2.96,5,4780.13,-2310.54,-13.03,-42.23
2.95,5,4768.35,-2369.45,-12.51,-58.62
2.95,5,4763.93,-2397.43,-0.64,-5.2
2.96,5,4763.93,-2397.43,-0.01,-0.04
2.96,5,4763.93,-2397.43,-0.01,-0
2.95,5,4763.93,-2397.43,-0,-0
2.95,5,4763.93,-2382.7,-0,30.68
2.95,5,4763.93,-2350.3,-0,27.67
2.82,5,4831.67,-2275.2,97.7,96.05
2.81,5,4831.67,-2291.4,0.68,-0.32
2.95,5,4803.69,-2300.23,-7.63,-8.01
2.95,5,4803.69,-2300.23,-0.06,-0.06
2.95,5,4805.16,-2300.23,1.74,-0
2.95,5,4805.16,-2300.23,0.01,-0
2.95,5,4814,-2278.15,22.05,51.59
2.96,5,4822.84,-2244.28,1.11,10.62
2.95,5,4822.84,-2244.28,0.01,0.08
2.95,5,4822.84,-2244.28,0,0.05
2.95,5,4822.84,-2244.28,0,0.01
2.95,5,4822.84,-2244.28,0,0
2.96,5,4816.95,-2244.28,-10.5,-0.04
2.95,5,4816.95,-2244.28,-0.07,-1.34
2.95,5,4816.95,-2261.95,-0,-40.35
2.95,5,4816.95,-2303.18,-0,-23.13
2.95,5,4816.95,-2306.13,-0,-4.14
2.95,5,4816.95,-2306.13,-0,-0.03
2.81,5,4788.97,-2306.13,-90.48,-111.02
2.8,5,4816.95,-2289.93,71.88,115.13
2.95,5,4787.49,-2350.3,1.32,-7.72
2.95,5,4787.49,-2350.3,0.01,-0.05
2.95,5,4786.02,-2350.3,-1.87,-0
2.95,5,4786.02,-2350.3,-0.01,-0
2.95,5,4787.49,-2356.19,2,-16.5
2.95,5,4787.49,-2356.19,0.02,-0.17
2.95,5,4787.49,-2356.19,0,-0
2.95,5,4787.49,-2356.19,0,-0
2.95,5,4787.49,-2356.19,0,-0
2.95,5,4787.49,-2356.19,0,-0
2.95,5,4786.02,-2325.27,-2.38,68.73
2.95,5,4786.02,-2244.28,-0.02,79.69
2.95,5,4786.02,-2244.28,-0,0.69
2.95,5,4786.02,-2244.28,-0,0
2.95,5,4791.91,-2244.28,9.58,0
2.83,5,4787.49,-2244.28,-13.49,0
2.8,5,4793.38,-2244.28,-2.91,0
2.8,5,4765.4,-2295.82,-74.43,-120.5
2.95,5,4746.26,-2332.63,-3.47,-19.58
2.95,5,4746.26,-2331.16,-0.03,0.84
2.95,5,4747.73,-2331.16,1.99,0.37
2.95,5,4747.73,-2331.16,0.02,0.04
2.95,5,4746.26,-2331.16,-1.65,0
2.95,5,4746.26,-2331.16,-0.01,0
2.94,5,4744.79,-2316.43,-5.58,33.79
2.95,5,4744.79,-2303.18,-0.04,1.52
2.95,5,4758.04,-2325.27,29.91,-50.03
2.94,5,4758.04,-2326.74,0.24,-0.57
2.95,5,4752.15,-2312.02,-8.95,32.5
2.95,5,4746.26,-2303.18,-0.62,0.97
2.95,5,4740.37,-2316.43,-15.09,-31.28
2.95,5,4738.9,-2323.8,-0.35,-1.01
2.95,5,4741.84,-2328.21,3.94,-12.15
2.81,5,4724.17,-2285.51,-23.58,71.54
2.8,5,4752.15,-2342.94,45.17,-107.02
2.95,5,4755.1,-2351.78,-16.51,-57.7
2.94,5,4793.38,-2322.32,39.85,-6.63
2.95,5,4814,-2345.89,10.27,-8.81
2.95,5,4814,-2329.69,0.18,35.06
2.94,5,4814,-2329.69,-0.08,0.24
2.95,5,4814,-2329.69,-0.03,0
2.95,5,4814,-2329.69,-0,-0
2.95,5,4815.47,-2328.21,2.01,1.97
2.94,5,4815.47,-2328.21,0.02,0.02
2.95,5,4815.47,-2328.21,-0.05,0
2.95,5,4815.47,-2328.21,-0,0
2.95,5,4815.47,-2328.21,-0,0
2.95,5,4815.47,-2328.21,-0,0
2.94,5,4806.64,-2314.96,-19.09,32.28
2.95,5,4806.64,-2266.36,-0.17,52.49
2.94,5,4811.05,-2250.17,7.2,2.36
2.8,5,4814,-2267.84,3.95,-33.32
2.81,5,4774.24,-2220.71,-0.29,24.69
2.95,5,4705.03,-2322.32,-32.87,-54.76
2.95,5,4715.33,-2292.87,-29.2,-27.18
2.94,5,4685.88,-2354.72,-28.86,-61.01
2.95,5,4685.88,-2394.48,-0.26,-28.91
2.95,5,4685.88,-2394.48,-0,-0.22
2.94,5,4685.88,-2394.48,-0,-0
2.94,5,4685.88,-2394.48,-0,-0
2.94,5,4685.88,-2375.34,-0,41.81
2.95,5,4685.88,-2331.16,-0,38.53
2.94,5,4696.19,-2320.85,23.13,-40.02
2.94,5,4710.92,-2362.08,2.16,-11.51
2.95,5,4710.92,-2362.08,0.02,-0.1
2.95,5,4710.92,-2362.08,0,-0
2.95,5,4710.92,-2362.08,0,-0
2.95,5,4710.92,-2362.08,0,-0
2.8,5,4728.59,-2331.16,40.9,69.94
2.81,5,4797.8,-2205.99,-24.55,32.85
2.79,5,4799.27,-2307.6,-82.99,-114.98
2.95,5,4790.44,-2322.32,-5.97,32.78
2.94,5,4787.49,-2282.56,-0.3,34.34
2.94,5,4787.49,-2239.86,-0,45.42
2.95,5,4781.6,-2225.13,-11.69,-24.07
2.94,5,4760.99,-2278.15,-19.31,-47.27
2.95,5,4752.15,-2285.51,-3.11,41.74
2.95,5,4738.9,-2238.38,-5.6,22.68
2.94,5,4738.9,-2236.91,-0.04,0.9
2.94,5,4738.9,-2236.91,-0,0.38
2.94,5,4737.42,-2236.91,-3.68,0.03
2.94,5,4731.53,-2236.91,-10.61,0.08
2.94,5,4722.7,-2253.11,-7.92,-37.9
2.94,5,4693.24,-2307.6,-27.76,-55.78
2.94,5,4678.52,-2359.14,-9.8,-56.54
2.94,5,4678.52,-2359.14,-0.07,-0.44
2.81,5,4675.57,-2357.67,-3.52,1.61
2.8,5,4681.46,-2357.67,6.85,-0.28
2.92,5,4690.3,-2362.08,-29.25,-85.64
2.94,5,4690.3,-2362.08,-0.3,-0.74
2.95,5,4691.77,-2362.08,1.1,-0.01
2.94,5,4691.77,-2362.08,0.34,-0
2.95,5,4705.03,-2329.69,32.84,72.52
2.94,5,4763.93,-2226.6,54.77,104.08
2.94,5,4777.18,-2232.49,1.69,-56.84
2.94,5,4777.18,-2323.8,0.01,-90.54
2.94,5,4777.18,-2312.02,0,61.38
2.94,5,4777.18,-2220.71,0,92.72
2.94,5,4778.66,-2203.04,2.11,2.42
2.93,5,4778.66,-2203.04,0.01,0.02
2.93,5,4769.82,-2232.49,-20.71,-67.07
2.94,5,4752.15,-2309.07,-5.24,-47.95
2.94,5,4765.4,-2286.98,30.1,50.71
2.94,5,4796.33,-2239.86,13.7,28.3
2.8,5,4765.4,-2194.21,-19.05,33
2.81,5,4744.79,-2250.17,-18.53,-51.34
2.93,5,4700.61,-2329.69,-50.78,-98.67
2.94,5,4772.77,-2235.44,67.15,92.49
2.93,5,4790.44,-2188.32,-14.58,10.27
2.94,5,4790.44,-2188.32,-0.1,0.07
2.94,5,4790.44,-2188.32,-0,0
2.94,5,4790.44,-2188.32,-0,0
2.94,5,4794.86,-2188.32,9.01,-0.28
2.94,5,4794.86,-2188.32,0.11,-0.37
2.94,5,4790.44,-2203.04,-6.82,-32.58
2.94,5,4790.44,-2211.88,-0.05,-1.05
2.94,5,4800.75,-2186.84,20.01,58.86
2.94,5,4800.75,-2183.9,0.15,2.53
2.94,5,4800.75,-2183.9,0,0.04
2.94,5,4800.75,-2183.9,0,0
2.94,5,4800.75,-2201.57,0,-38.26
2.94,5,4800.75,-2208.93,0,-0.87
2.81,5,4800.75,-2210.4,0,-0.09
2.8,5,4791.91,-2201.57,-23.23,-47.79
2.94,5,4738.9,-2273.73,-11.78,21.99
2.94,5,4737.42,-2211.88,-5.58,62.1
2.94,5,4737.42,-2191.26,-0.04,2.86
2.94,5,4737.42,-2191.26,-0,0.02
2.94,5,4738.9,-2191.26,1.88,0
2.94,5,4738.9,-2191.26,0.01,0
2.94,5,4747.73,-2208.93,20.41,-41.67
2.93,5,4758.04,-2257.53,17.68,-51.85
2.94,5,4758.04,-2259,0.13,-0.47
2.94,5,4758.04,-2259,0,-0
2.93,5,4758.04,-2259,0,-0
2.94,5,4758.04,-2259,-0.02,-0
2.94,5,4756.57,-2241.33,-4,39.07
2.94,5,4755.1,-2183.9,-0.81,49.06
2.94,5,4747.73,-2197.15,-13.55,-37.3
2.79,5,4763.93,-2197.15,84.18,80.39
2.8,5,4814,-2160.34,6.24,3.98
2.8,5,4805.16,-2201.57,-6.99,-74.11
2.94,5,4808.11,-2208.93,6.08,-9.54
2.93,5,4808.11,-2208.93,0.04,-0.07
2.93,5,4808.11,-2188.32,0,46.91
2.94,5,4808.11,-2158.86,0,6.86
2.94,5,4805.16,-2158.86,-5.05,0.05
2.94,5,4805.16,-2158.86,-0.04,0
2.93,5,4799.27,-2179.48,-16.88,-48.56
2.94,5,4790.44,-2195.68,-0.76,-1.92
2.93,5,4784.55,-2170.64,-14.59,58.96
2.93,5,4780.13,-2158.86,-0.51,1.41
2.93,5,4780.13,-2158.86,-0,0.01
2.94,5,4780.13,-2158.86,-0,0
2.94,5,4791.91,-2186.84,24.06,-65.04
2.93,5,4791.91,-2195.68,0.22,-1.27
2.94,5,4791.91,-2195.68,0.04,-0.01
2.79,5,4769.82,-2155.92,-22.29,36.75
2.8,5,4712.39,-2282.56,-7.67,-44.87
2.94,5,4719.75,-2291.4,-8.51,-32.06
2.94,5,4719.75,-2291.4,-0.07,-0.25
2.93,5,4719.75,-2291.4,-0,-0
2.94,5,4719.75,-2269.31,-0,51.46
2.93,5,4719.75,-2208.93,-0,61.93
2.94,5,4719.75,-2170.64,-0,12.48
2.94,5,4719.75,-2170.64,-0,0.09
2.93,5,4719.75,-2170.64,-0,0
2.94,5,4719.75,-2170.64,-0,0
2.93,5,4725.64,-2191.26,13.88,-46.15
2.93,5,4741.84,-2242.8,4.41,-37.33
2.94,5,4752.15,-2210.4,23.11,47.11
2.93,5,4791.91,-2155.92,40.31,53.22
2.93,5,4791.91,-2178.01,-1.55,-60.56
2.94,5,4793.38,-2216.3,0.18,-9.12
2.94,5,4787.49,-2191.26,-9.54,55.47
2.8,5,4781.6,-2223.66,-3.16,-19.55
